customer_id,signup_date,country,acquisition_channel,company_size,initial_plan
1,2023-01-08,US,organic,small,Growth
2,2023-01-16,DE,paid_ads,small,Starter
3,2023-01-04,UK,referral,small,Starter
4,2023-01-20,FR,organic,small,Starter
5,2023-01-24,IN,paid_ads,small,Growth
6,2023-01-20,US,organic,small,Starter
7,2023-01-25,BR,paid_ads,small,Growth
8,2023-01-19,IN,organic,small,Starter
9,2023-01-18,UK,referral,medium,Growth
10,2023-01-09,BR,outbound_sales,small,Starter
11,2023-01-08,BR,outbound_sales,medium,Growth
12,2023-01-08,UK,paid_ads,small,Enterprise
13,2023-01-04,FR,organic,small,Starter
14,2023-01-23,US,paid_ads,small,Starter
15,2023-02-08,BR,organic,small,Growth
16,2023-02-02,US,organic,small,Starter
17,2023-02-10,AU,organic,medium,Growth
18,2023-02-21,FR,organic,medium,Growth
19,2023-02-09,UK,organic,small,Growth
20,2023-02-11,US,organic,medium,Growth
21,2023-02-05,CA,paid_ads,small,Starter
22,2023-02-15,US,outbound_sales,small,Starter
23,2023-02-02,US,referral,small,Starter
24,2023-02-11,US,organic,large,Growth
25,2023-02-13,US,paid_ads,small,Starter
26,2023-02-02,BR,paid_ads,medium,Growth
27,2023-02-05,CA,organic,small,Starter
28,2023-02-14,AU,paid_ads,small,Starter
29,2023-02-28,CA,referral,small,Starter
30,2023-02-21,BR,organic,small,Starter
31,2023-02-03,US,referral,small,Starter
32,2023-02-01,DE,organic,medium,Enterprise
33,2023-02-07,US,outbound_sales,medium,Enterprise
34,2023-03-15,AU,paid_ads,medium,Growth
35,2023-03-24,US,paid_ads,medium,Starter
36,2023-03-06,US,outbound_sales,small,Starter
37,2023-03-12,DE,paid_ads,small,Starter
38,2023-03-16,CA,paid_ads,large,Enterprise
39,2023-03-18,DE,organic,medium,Growth
40,2023-03-15,US,paid_ads,medium,Starter
41,2023-03-08,US,paid_ads,small,Starter
42,2023-03-01,FR,paid_ads,medium,Starter
43,2023-03-08,AU,organic,medium,Growth
44,2023-03-20,US,organic,small,Starter
45,2023-03-22,BR,organic,small,Starter
46,2023-03-10,US,paid_ads,small,Starter
47,2023-03-22,AU,paid_ads,medium,Starter
48,2023-04-06,US,paid_ads,small,Growth
49,2023-04-08,FR,organic,large,Enterprise
50,2023-04-25,IN,organic,small,Starter
51,2023-04-02,FR,referral,medium,Enterprise
52,2023-04-14,CA,outbound_sales,medium,Growth
53,2023-04-19,CA,outbound_sales,small,Starter
54,2023-04-13,US,outbound_sales,medium,Starter
55,2023-04-21,US,referral,large,Starter
56,2023-04-04,FR,outbound_sales,small,Starter
57,2023-04-27,CA,paid_ads,small,Starter
58,2023-04-15,US,paid_ads,medium,Growth
59,2023-04-17,BR,referral,small,Starter
60,2023-04-01,UK,organic,small,Starter
61,2023-04-16,US,referral,large,Starter
62,2023-04-13,IN,organic,small,Starter
63,2023-04-09,FR,organic,medium,Growth
64,2023-04-24,AU,paid_ads,medium,Starter
65,2023-04-05,CA,organic,medium,Enterprise
66,2023-04-01,IN,organic,small,Enterprise
67,2023-04-13,US,paid_ads,small,Starter
68,2023-05-02,BR,organic,medium,Enterprise
69,2023-05-17,FR,organic,small,Starter
70,2023-05-26,DE,organic,small,Starter
71,2023-05-01,BR,referral,small,Starter
72,2023-05-10,US,organic,small,Starter
73,2023-05-16,US,organic,small,Starter
74,2023-05-25,UK,organic,small,Growth
75,2023-05-22,AU,outbound_sales,medium,Starter
76,2023-05-03,US,outbound_sales,medium,Enterprise
77,2023-05-19,US,paid_ads,small,Starter
78,2023-05-20,US,organic,small,Enterprise
79,2023-05-02,UK,paid_ads,small,Starter
80,2023-05-26,BR,referral,medium,Enterprise
81,2023-05-01,CA,organic,medium,Starter
82,2023-05-12,US,outbound_sales,small,Growth
83,2023-05-02,UK,organic,small,Starter
84,2023-05-11,US,paid_ads,medium,Growth
85,2023-05-22,US,organic,small,Growth
86,2023-05-03,US,paid_ads,small,Growth
87,2023-05-18,US,organic,small,Starter
88,2023-05-10,US,organic,large,Enterprise
89,2023-05-24,IN,organic,small,Starter
90,2023-05-10,US,organic,small,Starter
91,2023-05-19,US,paid_ads,small,Starter
92,2023-05-20,CA,outbound_sales,small,Starter
93,2023-05-05,DE,outbound_sales,small,Starter
94,2023-05-01,BR,referral,large,Enterprise
95,2023-05-14,AU,referral,medium,Growth
96,2023-05-21,FR,organic,medium,Growth
97,2023-05-18,CA,paid_ads,small,Growth
98,2023-05-25,US,organic,medium,Growth
99,2023-05-04,US,paid_ads,small,Starter
100,2023-05-10,US,organic,small,Starter
101,2023-06-07,US,organic,medium,Growth
102,2023-06-25,IN,organic,small,Starter
103,2023-06-08,US,paid_ads,medium,Growth
104,2023-06-22,AU,outbound_sales,small,Starter
105,2023-06-10,US,outbound_sales,small,Enterprise
106,2023-06-05,CA,organic,small,Starter
107,2023-06-13,US,organic,small,Starter
108,2023-06-10,CA,organic,medium,Starter
109,2023-06-17,UK,organic,small,Starter
110,2023-06-14,US,paid_ads,medium,Enterprise
111,2023-06-16,DE,paid_ads,medium,Growth
112,2023-06-25,US,outbound_sales,small,Starter
113,2023-06-11,US,organic,small,Starter
114,2023-06-08,US,outbound_sales,small,Starter
115,2023-06-10,BR,paid_ads,small,Starter
116,2023-06-27,UK,paid_ads,small,Starter
117,2023-06-18,DE,organic,medium,Growth
118,2023-06-11,DE,outbound_sales,medium,Growth
119,2023-06-18,US,paid_ads,small,Starter
120,2023-06-09,DE,paid_ads,large,Enterprise
121,2023-06-21,US,referral,small,Starter
122,2023-06-17,US,organic,small,Growth
123,2023-06-06,US,referral,small,Starter
124,2023-06-26,FR,organic,medium,Starter
125,2023-06-12,FR,outbound_sales,medium,Enterprise
126,2023-06-17,IN,organic,small,Starter
127,2023-06-15,US,organic,small,Growth
128,2023-06-11,UK,paid_ads,large,Growth
129,2023-06-07,DE,organic,small,Starter
130,2023-07-17,US,outbound_sales,medium,Growth
131,2023-07-17,US,outbound_sales,small,Starter
132,2023-07-24,US,paid_ads,small,Starter
133,2023-07-18,CA,organic,small,Growth
134,2023-07-21,CA,organic,medium,Growth
135,2023-07-03,BR,organic,small,Growth
136,2023-07-06,US,paid_ads,medium,Starter
137,2023-07-18,BR,paid_ads,medium,Starter
138,2023-07-06,US,referral,small,Starter
139,2023-07-06,US,organic,large,Enterprise
140,2023-07-03,FR,organic,small,Starter
141,2023-07-13,UK,organic,small,Growth
142,2023-07-07,US,organic,medium,Starter
143,2023-07-01,CA,paid_ads,small,Starter
144,2023-07-19,US,paid_ads,small,Starter
145,2023-07-06,US,outbound_sales,small,Starter
146,2023-07-22,UK,organic,small,Growth
147,2023-07-20,US,outbound_sales,small,Starter
148,2023-07-17,FR,paid_ads,small,Starter
149,2023-08-04,DE,organic,small,Growth
150,2023-08-08,US,referral,medium,Growth
151,2023-08-06,US,organic,small,Starter
152,2023-08-18,UK,organic,small,Starter
153,2023-08-07,IN,referral,small,Starter
154,2023-08-13,IN,paid_ads,medium,Growth
155,2023-08-18,US,outbound_sales,small,Starter
156,2023-08-05,US,organic,small,Starter
157,2023-08-10,BR,organic,small,Growth
158,2023-08-17,IN,paid_ads,small,Starter
159,2023-08-16,DE,paid_ads,small,Starter
160,2023-08-16,US,referral,medium,Growth
161,2023-08-28,US,paid_ads,small,Starter
162,2023-08-28,US,organic,small,Starter
163,2023-08-21,US,organic,large,Growth
164,2023-08-10,US,referral,large,Growth
165,2023-08-12,UK,organic,medium,Growth
166,2023-08-18,DE,organic,medium,Growth
167,2023-09-08,FR,outbound_sales,small,Starter
168,2023-09-25,CA,referral,medium,Starter
169,2023-09-17,UK,referral,medium,Growth
170,2023-09-02,UK,organic,small,Starter
171,2023-09-09,US,outbound_sales,medium,Enterprise
172,2023-09-27,US,paid_ads,medium,Starter
173,2023-09-11,BR,organic,small,Starter
174,2023-09-18,US,organic,small,Starter
175,2023-09-14,US,outbound_sales,medium,Growth
176,2023-09-17,DE,paid_ads,small,Starter
177,2023-09-10,US,organic,small,Growth
178,2023-09-15,FR,outbound_sales,small,Starter
179,2023-09-04,UK,organic,small,Starter
180,2023-09-02,UK,organic,small,Starter
181,2023-09-15,AU,outbound_sales,small,Starter
182,2023-09-19,US,referral,small,Starter
183,2023-09-11,BR,outbound_sales,large,Starter
184,2023-10-14,CA,organic,large,Enterprise
185,2023-10-02,DE,referral,medium,Growth
186,2023-10-16,CA,organic,small,Starter
187,2023-10-15,US,organic,medium,Growth
188,2023-10-02,US,referral,large,Enterprise
189,2023-10-18,BR,organic,small,Starter
190,2023-10-23,CA,organic,small,Starter
191,2023-10-26,US,referral,small,Starter
192,2023-10-07,US,paid_ads,small,Starter
193,2023-10-22,DE,outbound_sales,large,Growth
194,2023-10-02,UK,organic,small,Starter
195,2023-10-11,US,organic,large,Growth
196,2023-10-07,BR,outbound_sales,large,Growth
197,2023-10-11,AU,outbound_sales,small,Starter
198,2023-10-06,US,outbound_sales,small,Starter
199,2023-10-04,UK,organic,small,Starter
200,2023-10-01,US,organic,small,Starter
201,2023-10-08,CA,referral,medium,Growth
202,2023-10-15,UK,paid_ads,small,Starter
203,2023-10-02,AU,organic,small,Enterprise
204,2023-10-05,US,paid_ads,small,Starter
205,2023-10-27,AU,organic,small,Growth
206,2023-10-19,US,organic,medium,Starter
207,2023-10-10,US,paid_ads,small,Starter
208,2023-10-08,UK,organic,small,Growth
209,2023-10-03,US,paid_ads,small,Growth
210,2023-10-15,FR,referral,small,Growth
211,2023-10-06,DE,organic,medium,Enterprise
212,2023-10-17,UK,paid_ads,small,Growth
213,2023-10-07,DE,referral,small,Starter
214,2023-10-01,BR,outbound_sales,small,Starter
215,2023-10-02,DE,paid_ads,small,Growth
216,2023-11-09,US,organic,small,Starter
217,2023-11-07,DE,referral,small,Growth
218,2023-11-06,FR,paid_ads,small,Starter
219,2023-11-20,BR,outbound_sales,small,Starter
220,2023-11-03,US,organic,small,Starter
221,2023-11-21,US,paid_ads,small,Enterprise
222,2023-11-17,UK,organic,large,Enterprise
223,2023-11-15,US,referral,large,Enterprise
224,2023-11-19,CA,organic,small,Growth
225,2023-11-13,US,paid_ads,large,Growth
226,2023-11-03,UK,organic,small,Growth
227,2023-11-11,FR,referral,small,Starter
228,2023-11-08,FR,referral,small,Growth
229,2023-11-17,IN,paid_ads,small,Starter
230,2023-11-04,DE,organic,medium,Starter
231,2023-11-03,DE,organic,medium,Growth
232,2023-11-23,CA,paid_ads,small,Starter
233,2023-11-04,DE,referral,small,Starter
234,2023-11-11,BR,organic,medium,Enterprise
235,2023-11-07,AU,paid_ads,small,Starter
236,2023-11-17,CA,referral,medium,Enterprise
237,2023-11-24,UK,organic,large,Enterprise
238,2023-11-15,US,organic,small,Growth
239,2023-11-21,DE,organic,large,Starter
240,2023-11-26,DE,outbound_sales,large,Growth
241,2023-11-18,US,organic,small,Starter
242,2023-11-13,IN,organic,small,Starter
243,2023-12-21,US,organic,small,Growth
244,2023-12-10,AU,referral,small,Starter
245,2023-12-11,US,paid_ads,small,Starter
246,2023-12-09,BR,outbound_sales,small,Enterprise
247,2023-12-17,CA,organic,medium,Growth
248,2023-12-21,DE,organic,small,Starter
249,2023-12-08,US,outbound_sales,large,Growth
250,2023-12-25,UK,organic,small,Enterprise
251,2023-12-07,US,referral,small,Starter
252,2023-12-18,IN,organic,medium,Growth
253,2023-12-19,US,referral,medium,Growth
254,2023-12-13,CA,organic,large,Enterprise
255,2023-12-27,US,organic,small,Starter
256,2023-12-10,IN,organic,small,Starter
257,2023-12-24,BR,paid_ads,small,Starter
258,2023-12-12,US,organic,large,Growth
259,2023-12-23,US,organic,small,Starter
260,2023-12-09,CA,organic,large,Growth
261,2023-12-03,DE,organic,small,Starter
262,2023-12-02,UK,paid_ads,small,Starter
263,2023-12-03,US,outbound_sales,large,Enterprise
264,2023-12-02,US,referral,medium,Growth
265,2023-12-08,BR,paid_ads,medium,Starter
266,2023-12-02,IN,outbound_sales,small,Starter
267,2023-12-04,IN,organic,small,Starter
268,2024-01-12,FR,outbound_sales,large,Enterprise
269,2024-01-12,US,referral,small,Starter
270,2024-01-01,DE,outbound_sales,small,Starter
271,2024-01-14,UK,outbound_sales,medium,Enterprise
272,2024-01-24,FR,paid_ads,medium,Starter
273,2024-01-13,FR,paid_ads,small,Starter
274,2024-01-08,UK,outbound_sales,small,Starter
275,2024-01-16,DE,paid_ads,medium,Starter
276,2024-01-19,DE,paid_ads,large,Growth
277,2024-01-07,UK,outbound_sales,medium,Starter
278,2024-01-23,US,referral,small,Starter
279,2024-01-16,US,paid_ads,medium,Starter
280,2024-01-08,US,referral,medium,Growth
281,2024-01-07,DE,organic,medium,Starter
282,2024-01-26,DE,referral,small,Starter
283,2024-01-15,US,organic,medium,Growth
284,2024-01-20,DE,paid_ads,large,Growth
285,2024-01-08,US,paid_ads,small,Starter
286,2024-01-19,FR,outbound_sales,small,Growth
287,2024-01-15,US,referral,medium,Growth
288,2024-01-07,US,organic,small,Starter
289,2024-01-19,AU,referral,small,Starter
290,2024-01-16,UK,paid_ads,small,Growth
291,2024-01-07,US,referral,medium,Growth
292,2024-02-18,US,outbound_sales,large,Growth
293,2024-02-13,UK,outbound_sales,small,Starter
294,2024-02-27,UK,referral,small,Starter
295,2024-02-10,AU,organic,small,Starter
296,2024-02-06,US,organic,small,Starter
297,2024-02-25,DE,paid_ads,small,Growth
298,2024-02-18,UK,outbound_sales,small,Starter
299,2024-02-11,BR,organic,small,Starter
300,2024-02-05,BR,organic,small,Starter
301,2024-02-02,US,organic,small,Starter
302,2024-02-05,US,referral,small,Starter
303,2024-02-27,IN,organic,small,Starter
304,2024-02-22,CA,paid_ads,small,Starter
305,2024-02-21,US,paid_ads,large,Enterprise
306,2024-02-12,CA,referral,small,Starter
307,2024-02-20,US,outbound_sales,small,Starter
308,2024-02-04,IN,paid_ads,small,Starter
309,2024-02-23,DE,paid_ads,medium,Enterprise
310,2024-02-03,IN,outbound_sales,medium,Growth
311,2024-02-09,AU,outbound_sales,small,Growth
312,2024-02-24,DE,outbound_sales,medium,Growth
313,2024-02-22,US,organic,medium,Growth
314,2024-02-10,AU,organic,small,Starter
315,2024-02-02,UK,outbound_sales,small,Starter
316,2024-02-15,US,organic,large,Growth
317,2024-02-13,US,outbound_sales,small,Starter
318,2024-02-09,FR,organic,small,Starter
319,2024-02-14,IN,paid_ads,small,Starter
320,2024-02-19,IN,paid_ads,small,Growth
321,2024-02-16,FR,organic,small,Starter
322,2024-02-11,FR,organic,small,Starter
323,2024-02-14,US,organic,small,Starter
324,2024-02-20,CA,referral,medium,Growth
325,2024-02-10,US,organic,small,Starter
326,2024-02-03,UK,referral,small,Growth
327,2024-02-02,US,organic,small,Starter
328,2024-03-18,US,paid_ads,small,Growth
329,2024-03-20,US,referral,small,Starter
330,2024-03-12,FR,organic,small,Starter
331,2024-03-04,US,paid_ads,small,Growth
332,2024-03-08,FR,organic,small,Starter
333,2024-03-02,IN,referral,medium,Enterprise
334,2024-03-05,UK,organic,medium,Growth
335,2024-03-01,FR,paid_ads,small,Growth
336,2024-03-20,AU,organic,small,Growth
337,2024-03-22,DE,organic,small,Starter
338,2024-03-15,CA,referral,small,Starter
339,2024-03-12,US,paid_ads,small,Starter
340,2024-03-27,US,paid_ads,small,Starter
341,2024-03-08,BR,organic,small,Starter
342,2024-03-11,FR,organic,medium,Starter
343,2024-03-16,IN,referral,medium,Growth
344,2024-03-02,BR,paid_ads,medium,Starter
345,2024-03-20,US,referral,small,Starter
346,2024-03-18,DE,referral,medium,Starter
347,2024-03-28,US,organic,small,Starter
348,2024-03-09,IN,outbound_sales,small,Growth
349,2024-03-04,US,organic,small,Starter
350,2024-03-28,UK,paid_ads,large,Growth
351,2024-03-24,IN,organic,small,Starter
352,2024-03-22,US,referral,small,Starter
353,2024-03-13,DE,outbound_sales,small,Growth
354,2024-03-27,CA,organic,small,Growth
355,2024-03-05,US,paid_ads,small,Starter
356,2024-03-21,IN,paid_ads,small,Starter
357,2024-03-23,US,referral,large,Enterprise
358,2024-03-14,US,organic,small,Starter
359,2024-04-05,US,referral,medium,Starter
360,2024-04-06,BR,paid_ads,small,Starter
361,2024-04-13,AU,paid_ads,small,Starter
362,2024-04-05,US,referral,small,Starter
363,2024-04-17,DE,organic,small,Starter
364,2024-04-20,AU,paid_ads,small,Starter
365,2024-04-03,AU,referral,medium,Enterprise
366,2024-04-07,DE,paid_ads,medium,Growth
367,2024-04-06,IN,paid_ads,small,Starter
368,2024-04-02,CA,paid_ads,small,Starter
369,2024-04-16,DE,organic,medium,Growth
370,2024-04-12,US,paid_ads,large,Enterprise
371,2024-04-11,US,organic,small,Enterprise
372,2024-04-28,BR,paid_ads,medium,Growth
373,2024-04-22,IN,paid_ads,small,Starter
374,2024-04-01,US,paid_ads,small,Starter
375,2024-04-14,AU,organic,small,Starter
376,2024-04-15,US,referral,medium,Growth
377,2024-04-13,US,paid_ads,medium,Growth
378,2024-04-28,CA,organic,small,Growth
379,2024-04-22,US,referral,small,Starter
380,2024-04-04,US,paid_ads,small,Starter
381,2024-04-09,BR,organic,small,Starter
382,2024-04-09,US,paid_ads,medium,Growth
383,2024-04-28,BR,outbound_sales,medium,Starter
384,2024-04-21,US,organic,small,Growth
385,2024-04-15,US,organic,large,Growth
386,2024-04-01,DE,organic,small,Growth
387,2024-05-01,BR,organic,small,Starter
388,2024-05-11,IN,organic,large,Enterprise
389,2024-05-03,DE,organic,medium,Growth
390,2024-05-02,DE,referral,small,Starter
391,2024-05-20,US,paid_ads,small,Starter
392,2024-05-17,BR,organic,small,Starter
393,2024-05-01,US,referral,medium,Growth
394,2024-05-12,UK,paid_ads,small,Starter
395,2024-05-05,US,paid_ads,small,Growth
396,2024-05-10,US,organic,medium,Growth
397,2024-05-06,AU,referral,large,Growth
398,2024-05-09,US,organic,small,Starter
399,2024-05-14,AU,paid_ads,small,Starter
400,2024-05-01,US,organic,medium,Starter
401,2024-05-06,AU,paid_ads,medium,Growth
402,2024-05-25,UK,paid_ads,small,Starter
403,2024-05-23,FR,paid_ads,large,Enterprise
404,2024-05-14,DE,referral,medium,Starter
405,2024-05-08,BR,organic,medium,Growth
406,2024-05-19,DE,referral,medium,Starter
407,2024-05-20,DE,paid_ads,small,Growth
408,2024-05-19,CA,paid_ads,medium,Starter
409,2024-05-23,US,paid_ads,large,Growth
410,2024-05-05,AU,referral,medium,Starter
411,2024-05-10,BR,referral,medium,Starter
412,2024-05-10,UK,organic,small,Starter
413,2024-05-03,BR,organic,small,Growth
414,2024-05-26,IN,organic,small,Starter
415,2024-05-09,UK,referral,small,Growth
416,2024-05-24,DE,organic,large,Enterprise
417,2024-05-08,FR,outbound_sales,medium,Starter
418,2024-05-23,BR,organic,medium,Growth
419,2024-05-08,UK,organic,small,Starter
420,2024-05-24,CA,referral,medium,Growth
421,2024-05-11,AU,organic,medium,Starter
422,2024-05-02,US,organic,small,Growth
423,2024-06-04,UK,outbound_sales,medium,Enterprise
424,2024-06-05,FR,paid_ads,small,Starter
425,2024-06-17,CA,referral,small,Growth
426,2024-06-08,US,referral,medium,Growth
427,2024-06-18,CA,organic,small,Starter
428,2024-06-21,US,paid_ads,small,Starter
429,2024-06-09,US,outbound_sales,medium,Enterprise
430,2024-06-21,IN,organic,small,Starter
431,2024-06-13,CA,organic,small,Growth
432,2024-06-11,US,referral,medium,Growth
433,2024-06-02,FR,organic,medium,Growth
434,2024-06-20,UK,organic,small,Growth
435,2024-06-20,US,paid_ads,small,Starter
436,2024-06-12,FR,paid_ads,small,Growth
437,2024-06-07,US,paid_ads,small,Enterprise
438,2024-06-15,IN,organic,small,Starter
439,2024-06-21,BR,referral,small,Starter
440,2024-06-21,UK,organic,small,Starter
441,2024-06-08,BR,paid_ads,small,Starter
442,2024-06-10,US,paid_ads,medium,Growth
443,2024-06-14,DE,referral,small,Starter
444,2024-06-04,BR,referral,small,Starter
445,2024-06-23,DE,organic,medium,Starter
446,2024-06-05,IN,paid_ads,small,Growth
447,2024-06-11,BR,paid_ads,small,Starter
448,2024-06-04,UK,paid_ads,medium,Growth
449,2024-06-12,DE,organic,medium,Growth
450,2024-06-02,US,outbound_sales,small,Starter
451,2024-06-18,CA,organic,small,Growth
452,2024-06-17,US,referral,medium,Growth
453,2024-06-04,US,organic,small,Starter
454,2024-06-19,US,organic,small,Starter
455,2024-06-16,IN,referral,medium,Growth
456,2024-06-24,US,paid_ads,medium,Enterprise
457,2024-06-05,CA,referral,small,Starter
458,2024-06-22,BR,outbound_sales,medium,Growth
459,2024-06-22,BR,referral,small,Growth
460,2024-06-27,FR,paid_ads,medium,Growth
461,2024-06-12,AU,referral,small,Starter
462,2024-06-21,US,organic,large,Enterprise
463,2024-06-03,US,organic,large,Enterprise
464,2024-06-18,DE,organic,medium,Starter
465,2024-07-27,FR,referral,small,Starter
466,2024-07-23,CA,referral,medium,Starter
467,2024-07-23,IN,organic,medium,Growth
468,2024-07-13,US,organic,medium,Enterprise
469,2024-07-21,AU,organic,medium,Growth
470,2024-07-27,US,outbound_sales,small,Starter
471,2024-07-14,US,organic,small,Starter
472,2024-07-27,BR,referral,small,Starter
473,2024-07-06,FR,referral,small,Starter
474,2024-07-27,UK,organic,medium,Growth
475,2024-07-11,BR,referral,small,Starter
476,2024-07-09,BR,organic,small,Growth
477,2024-07-08,IN,outbound_sales,small,Starter
478,2024-07-09,CA,organic,small,Enterprise
479,2024-07-23,US,referral,small,Growth
480,2024-07-07,IN,referral,small,Enterprise
481,2024-07-24,AU,organic,medium,Starter
482,2024-07-14,DE,paid_ads,small,Growth
483,2024-07-25,UK,organic,small,Starter
484,2024-07-25,US,organic,small,Growth
485,2024-07-22,US,organic,small,Starter
486,2024-07-27,IN,paid_ads,small,Starter
487,2024-07-21,US,referral,small,Starter
488,2024-07-03,UK,paid_ads,small,Starter
489,2024-07-14,DE,referral,small,Growth
490,2024-07-26,BR,referral,large,Enterprise
491,2024-07-10,US,organic,medium,Starter
492,2024-07-06,IN,outbound_sales,small,Starter
493,2024-07-20,IN,referral,medium,Starter
494,2024-07-15,US,organic,medium,Enterprise
495,2024-07-01,FR,paid_ads,medium,Growth
496,2024-07-28,US,paid_ads,medium,Growth
497,2024-07-19,UK,paid_ads,medium,Growth
498,2024-07-21,US,outbound_sales,small,Growth
499,2024-07-24,FR,referral,small,Starter
500,2024-08-08,US,organic,small,Starter
501,2024-08-09,DE,referral,small,Starter
502,2024-08-15,UK,organic,small,Starter
503,2024-08-14,IN,paid_ads,small,Starter
504,2024-08-17,BR,outbound_sales,medium,Growth
505,2024-08-05,US,paid_ads,small,Starter
506,2024-08-15,US,paid_ads,small,Starter
507,2024-08-12,IN,outbound_sales,medium,Enterprise
508,2024-08-20,FR,organic,small,Starter
509,2024-08-06,UK,organic,small,Growth
510,2024-08-23,BR,organic,medium,Growth
511,2024-08-14,US,paid_ads,small,Starter
512,2024-08-22,US,organic,small,Starter
513,2024-08-09,BR,referral,small,Starter
514,2024-08-03,US,organic,medium,Growth
515,2024-08-11,US,referral,small,Starter
516,2024-08-14,CA,referral,small,Starter
517,2024-08-24,US,organic,small,Growth
518,2024-08-02,CA,organic,small,Starter
519,2024-08-25,DE,paid_ads,medium,Starter
520,2024-08-01,US,organic,small,Starter
521,2024-08-27,US,referral,small,Starter
522,2024-08-28,US,referral,small,Starter
523,2024-08-25,IN,organic,small,Starter
524,2024-08-16,UK,outbound_sales,small,Starter
525,2024-08-15,AU,organic,medium,Growth
526,2024-08-10,AU,referral,medium,Starter
527,2024-08-26,FR,organic,medium,Growth
528,2024-08-12,IN,paid_ads,small,Starter
529,2024-08-24,BR,organic,large,Enterprise
530,2024-08-18,US,paid_ads,medium,Enterprise
531,2024-08-10,CA,paid_ads,small,Starter
532,2024-08-11,US,paid_ads,small,Starter
533,2024-09-19,US,organic,medium,Growth
534,2024-09-15,BR,organic,medium,Growth
535,2024-09-15,CA,outbound_sales,large,Enterprise
536,2024-09-12,DE,organic,small,Growth
537,2024-09-25,US,referral,small,Enterprise
538,2024-09-19,FR,referral,medium,Growth
539,2024-09-24,US,organic,large,Enterprise
540,2024-09-17,IN,referral,small,Starter
541,2024-09-12,US,referral,medium,Growth
542,2024-09-03,DE,organic,small,Starter
543,2024-09-15,IN,organic,medium,Growth
544,2024-09-20,US,organic,small,Starter
545,2024-09-25,IN,outbound_sales,medium,Growth
546,2024-09-05,US,paid_ads,large,Growth
547,2024-09-09,DE,referral,medium,Enterprise
548,2024-09-17,US,organic,large,Growth
549,2024-09-25,US,paid_ads,small,Starter
550,2024-09-01,DE,paid_ads,medium,Growth
551,2024-09-28,FR,referral,small,Starter
552,2024-09-19,AU,paid_ads,medium,Growth
553,2024-09-01,BR,paid_ads,large,Enterprise
554,2024-09-20,AU,organic,medium,Growth
555,2024-09-14,US,organic,small,Starter
556,2024-09-15,US,outbound_sales,medium,Growth
557,2024-09-21,US,organic,small,Starter
558,2024-09-24,FR,paid_ads,large,Enterprise
559,2024-09-16,US,organic,small,Starter
560,2024-09-02,DE,paid_ads,medium,Starter
561,2024-09-06,US,paid_ads,large,Growth
562,2024-09-01,DE,organic,small,Growth
563,2024-09-28,US,paid_ads,small,Starter
564,2024-09-08,FR,outbound_sales,medium,Enterprise
565,2024-09-27,UK,referral,medium,Growth
566,2024-09-04,CA,referral,medium,Growth
567,2024-09-11,UK,referral,small,Starter
568,2024-09-13,UK,paid_ads,small,Growth
569,2024-09-12,US,referral,small,Starter
570,2024-09-22,CA,organic,small,Starter
571,2024-09-19,US,paid_ads,small,Growth
572,2024-09-19,US,organic,small,Growth
573,2024-09-11,AU,organic,small,Growth
574,2024-09-22,US,organic,small,Growth
575,2024-09-28,BR,outbound_sales,small,Starter
576,2024-09-15,FR,outbound_sales,small,Starter
577,2024-09-28,IN,paid_ads,small,Starter
578,2024-09-17,CA,paid_ads,small,Starter
579,2024-09-11,BR,paid_ads,small,Growth
580,2024-09-02,US,paid_ads,small,Growth
581,2024-10-28,US,paid_ads,large,Growth
582,2024-10-22,IN,organic,medium,Enterprise
583,2024-10-11,FR,paid_ads,small,Starter
584,2024-10-12,US,outbound_sales,medium,Starter
585,2024-10-01,FR,referral,small,Starter
586,2024-10-21,US,paid_ads,small,Starter
587,2024-10-19,BR,outbound_sales,medium,Starter
588,2024-10-21,US,referral,medium,Growth
589,2024-10-27,UK,paid_ads,medium,Starter
590,2024-10-02,UK,referral,small,Starter
591,2024-10-04,CA,organic,medium,Growth
592,2024-10-14,US,referral,small,Starter
593,2024-10-27,DE,referral,small,Starter
594,2024-10-27,US,paid_ads,small,Growth
595,2024-10-19,US,organic,small,Starter
596,2024-10-16,US,organic,small,Starter
597,2024-10-12,FR,outbound_sales,small,Starter
598,2024-10-14,AU,organic,medium,Enterprise
599,2024-10-20,BR,referral,medium,Growth
600,2024-10-15,US,paid_ads,medium,Growth
601,2024-10-19,CA,organic,large,Enterprise
602,2024-10-15,IN,paid_ads,small,Starter
603,2024-10-20,AU,organic,small,Growth
604,2024-10-12,AU,paid_ads,small,Starter
605,2024-10-14,US,organic,small,Growth
606,2024-10-25,UK,outbound_sales,medium,Growth
607,2024-10-19,US,paid_ads,medium,Enterprise
608,2024-10-26,FR,referral,medium,Enterprise
609,2024-10-04,UK,outbound_sales,small,Starter
610,2024-10-01,UK,outbound_sales,small,Starter
611,2024-10-11,DE,paid_ads,medium,Growth
612,2024-10-21,US,paid_ads,small,Starter
613,2024-10-25,US,organic,small,Starter
614,2024-10-15,BR,organic,medium,Growth
615,2024-10-22,US,outbound_sales,small,Starter
616,2024-10-09,US,outbound_sales,large,Growth
617,2024-10-15,IN,outbound_sales,small,Starter
618,2024-10-16,US,organic,small,Starter
619,2024-10-15,UK,referral,small,Starter
620,2024-10-06,AU,paid_ads,small,Growth
621,2024-10-09,FR,referral,medium,Growth
622,2024-11-03,US,paid_ads,small,Starter
623,2024-11-01,BR,paid_ads,large,Enterprise
624,2024-11-28,US,organic,small,Starter
625,2024-11-08,FR,outbound_sales,large,Growth
626,2024-11-23,BR,referral,small,Starter
627,2024-11-07,UK,referral,medium,Growth
628,2024-11-13,FR,paid_ads,medium,Growth
629,2024-11-07,CA,referral,small,Growth
630,2024-11-25,US,referral,small,Starter
631,2024-11-06,AU,organic,small,Starter
632,2024-11-11,US,organic,small,Starter
633,2024-11-03,BR,paid_ads,medium,Growth
634,2024-11-24,FR,organic,small,Growth
635,2024-11-26,US,paid_ads,medium,Growth
636,2024-11-05,US,organic,medium,Starter
637,2024-11-24,DE,organic,medium,Growth
638,2024-11-14,US,organic,medium,Growth
639,2024-11-16,US,organic,small,Starter
640,2024-11-21,FR,organic,medium,Starter
641,2024-11-09,US,paid_ads,small,Starter
642,2024-11-05,DE,outbound_sales,medium,Growth
643,2024-11-06,DE,paid_ads,medium,Growth
644,2024-11-27,DE,paid_ads,medium,Growth
645,2024-11-14,US,paid_ads,small,Starter
646,2024-11-10,BR,paid_ads,small,Starter
647,2024-11-21,CA,outbound_sales,medium,Starter
648,2024-11-05,UK,outbound_sales,small,Starter
649,2024-11-12,AU,paid_ads,small,Starter
650,2024-11-11,AU,paid_ads,medium,Growth
651,2024-11-09,BR,paid_ads,medium,Growth
652,2024-11-18,IN,organic,small,Growth
653,2024-11-22,IN,referral,small,Starter
654,2024-11-28,AU,paid_ads,small,Starter
655,2024-11-13,AU,paid_ads,large,Enterprise
656,2024-11-27,US,referral,small,Starter
657,2024-11-01,FR,organic,medium,Growth
658,2024-11-26,DE,organic,small,Starter
659,2024-11-10,US,paid_ads,small,Growth
660,2024-11-27,US,paid_ads,small,Starter
661,2024-11-20,US,paid_ads,medium,Starter
662,2024-11-17,IN,organic,large,Growth
663,2024-11-19,US,referral,small,Starter
664,2024-11-21,US,organic,small,Starter
665,2024-12-06,FR,organic,small,Growth
666,2024-12-26,DE,referral,medium,Growth
667,2024-12-13,DE,paid_ads,medium,Growth
668,2024-12-26,UK,referral,small,Starter
669,2024-12-12,US,referral,small,Starter
670,2024-12-09,US,organic,small,Starter
671,2024-12-23,US,organic,small,Starter
672,2024-12-11,US,organic,medium,Growth
673,2024-12-18,FR,outbound_sales,small,Starter
674,2024-12-12,AU,outbound_sales,small,Growth
675,2024-12-18,CA,outbound_sales,small,Starter
676,2024-12-22,IN,organic,medium,Growth
677,2024-12-16,US,outbound_sales,small,Starter
678,2024-12-15,BR,referral,small,Starter
679,2024-12-24,UK,referral,small,Starter
680,2024-12-09,UK,organic,small,Starter
681,2024-12-07,US,paid_ads,small,Starter
682,2024-12-08,UK,organic,small,Starter
683,2024-12-15,AU,organic,medium,Growth
684,2024-12-19,FR,organic,medium,Growth
685,2024-12-28,US,referral,small,Starter
686,2024-12-14,US,paid_ads,medium,Starter
687,2024-12-17,FR,outbound_sales,medium,Starter
688,2024-12-15,FR,organic,large,Enterprise
689,2024-12-25,US,referral,medium,Starter
690,2024-12-22,US,paid_ads,large,Enterprise
691,2024-12-18,DE,organic,small,Starter
692,2024-12-11,FR,referral,medium,Starter
693,2024-12-09,US,paid_ads,small,Starter
694,2024-12-21,US,organic,large,Growth
695,2024-12-21,BR,paid_ads,small,Growth
696,2024-12-15,US,paid_ads,small,Growth
697,2024-12-07,FR,referral,large,Growth
698,2024-12-24,BR,paid_ads,small,Starter
699,2024-12-06,DE,paid_ads,medium,Starter
700,2024-12-12,FR,outbound_sales,small,Starter
