event_id,customer_id,event_date,event_type,plan,seats,mrr_before,mrr_after,mrr_change
1,3,2023-01-04,new,Starter,2,0.0,24.0,24.0
2,13,2023-01-04,new,Starter,2,0.0,24.0,24.0
3,1,2023-01-08,new,Growth,1,0.0,25.0,25.0
4,11,2023-01-08,new,Growth,8,0.0,200.0,200.0
5,12,2023-01-08,new,Enterprise,5,0.0,225.0,225.0
6,10,2023-01-09,new,Starter,5,0.0,60.0,60.0
7,2,2023-01-16,new,Starter,1,0.0,12.0,12.0
8,9,2023-01-18,new,Growth,25,0.0,625.0,625.0
9,8,2023-01-19,new,Starter,5,0.0,60.0,60.0
10,4,2023-01-20,new,Starter,1,0.0,12.0,12.0
11,6,2023-01-20,new,Starter,5,0.0,60.0,60.0
12,14,2023-01-23,new,Starter,5,0.0,60.0,60.0
13,5,2023-01-24,new,Growth,5,0.0,125.0,125.0
14,7,2023-01-25,new,Growth,1,0.0,25.0,25.0
15,32,2023-02-01,new,Enterprise,19,0.0,855.0,855.0
16,16,2023-02-02,new,Starter,3,0.0,36.0,36.0
17,23,2023-02-02,new,Starter,1,0.0,12.0,12.0
18,26,2023-02-02,new,Growth,20,0.0,500.0,500.0
19,31,2023-02-03,new,Starter,3,0.0,36.0,36.0
20,21,2023-02-05,new,Starter,1,0.0,12.0,12.0
21,27,2023-02-05,new,Starter,5,0.0,60.0,60.0
22,33,2023-02-07,new,Enterprise,11,0.0,495.0,495.0
23,12,2023-02-08,contraction,Enterprise,4,225.0,180.0,-45.0
24,15,2023-02-08,new,Growth,2,0.0,50.0,50.0
25,19,2023-02-09,new,Growth,1,0.0,25.0,25.0
26,13,2023-02-10,contraction,Starter,1,24.0,12.0,-12.0
27,17,2023-02-10,new,Growth,14,0.0,350.0,350.0
28,20,2023-02-11,new,Growth,17,0.0,425.0,425.0
29,24,2023-02-11,new,Growth,27,0.0,675.0,675.0
30,25,2023-02-13,new,Starter,5,0.0,60.0,60.0
31,28,2023-02-14,new,Starter,3,0.0,36.0,36.0
32,22,2023-02-15,new,Starter,2,0.0,24.0,24.0
33,18,2023-02-21,new,Growth,9,0.0,225.0,225.0
34,30,2023-02-21,new,Starter,3,0.0,36.0,36.0
35,4,2023-02-24,churn,Starter,0,12.0,0.0,-12.0
36,29,2023-02-28,new,Starter,2,0.0,24.0,24.0
37,42,2023-03-01,new,Starter,13,0.0,156.0,156.0
38,16,2023-03-03,churn,Starter,0,36.0,0.0,-36.0
39,36,2023-03-06,new,Starter,3,0.0,36.0,36.0
40,41,2023-03-08,new,Starter,2,0.0,24.0,24.0
41,43,2023-03-08,new,Growth,17,0.0,425.0,425.0
42,46,2023-03-10,new,Starter,2,0.0,24.0,24.0
43,37,2023-03-12,new,Starter,3,0.0,36.0,36.0
44,34,2023-03-15,new,Growth,14,0.0,350.0,350.0
45,40,2023-03-15,new,Starter,12,0.0,144.0,144.0
46,38,2023-03-16,new,Enterprise,75,0.0,3375.0,3375.0
47,39,2023-03-18,new,Growth,24,0.0,600.0,600.0
48,44,2023-03-20,new,Starter,4,0.0,48.0,48.0
49,45,2023-03-22,new,Starter,1,0.0,12.0,12.0
50,47,2023-03-22,new,Starter,21,0.0,252.0,252.0
51,30,2023-03-23,contraction,Starter,2,36.0,24.0,-12.0
52,35,2023-03-24,new,Starter,14,0.0,168.0,168.0
53,60,2023-04-01,new,Starter,4,0.0,48.0,48.0
54,66,2023-04-01,new,Enterprise,3,0.0,135.0,135.0
55,51,2023-04-02,new,Enterprise,18,0.0,810.0,810.0
56,56,2023-04-04,new,Starter,3,0.0,36.0,36.0
57,3,2023-04-05,churn,Starter,0,24.0,0.0,-24.0
58,65,2023-04-05,new,Enterprise,10,0.0,450.0,450.0
59,48,2023-04-06,new,Growth,3,0.0,75.0,75.0
60,41,2023-04-08,churn,Starter,0,24.0,0.0,-24.0
61,49,2023-04-08,new,Enterprise,63,0.0,2835.0,2835.0
62,63,2023-04-09,new,Growth,8,0.0,200.0,200.0
63,46,2023-04-10,expansion,Growth,2,24.0,50.0,26.0
64,7,2023-04-13,expansion,Enterprise,1,25.0,45.0,20.0
65,54,2023-04-13,new,Starter,12,0.0,144.0,144.0
66,62,2023-04-13,new,Starter,4,0.0,48.0,48.0
67,67,2023-04-13,new,Starter,3,0.0,36.0,36.0
68,52,2023-04-14,new,Growth,10,0.0,250.0,250.0
69,58,2023-04-15,new,Growth,12,0.0,300.0,300.0
70,61,2023-04-16,new,Starter,75,0.0,900.0,900.0
71,59,2023-04-17,new,Starter,4,0.0,48.0,48.0
72,53,2023-04-19,new,Starter,3,0.0,36.0,36.0
73,55,2023-04-21,new,Starter,50,0.0,600.0,600.0
74,64,2023-04-24,new,Starter,20,0.0,240.0,240.0
75,50,2023-04-25,new,Starter,4,0.0,48.0,48.0
76,57,2023-04-27,new,Starter,1,0.0,12.0,12.0
77,18,2023-05-01,expansion,Growth,12,225.0,300.0,75.0
78,71,2023-05-01,new,Starter,4,0.0,48.0,48.0
79,81,2023-05-01,new,Starter,18,0.0,216.0,216.0
80,94,2023-05-01,new,Enterprise,27,0.0,1215.0,1215.0
81,68,2023-05-02,new,Enterprise,8,0.0,360.0,360.0
82,79,2023-05-02,new,Starter,2,0.0,24.0,24.0
83,83,2023-05-02,new,Starter,3,0.0,36.0,36.0
84,76,2023-05-03,new,Enterprise,24,0.0,1080.0,1080.0
85,86,2023-05-03,new,Growth,3,0.0,75.0,75.0
86,99,2023-05-04,new,Starter,1,0.0,12.0,12.0
87,93,2023-05-05,new,Starter,3,0.0,36.0,36.0
88,24,2023-05-07,expansion,Enterprise,27,675.0,1215.0,540.0
89,45,2023-05-10,churn,Starter,0,12.0,0.0,-12.0
90,72,2023-05-10,new,Starter,2,0.0,24.0,24.0
91,88,2023-05-10,new,Enterprise,96,0.0,4320.0,4320.0
92,90,2023-05-10,new,Starter,2,0.0,24.0,24.0
93,100,2023-05-10,new,Starter,2,0.0,24.0,24.0
94,43,2023-05-11,expansion,Growth,20,425.0,500.0,75.0
95,84,2023-05-11,new,Growth,20,0.0,500.0,500.0
96,82,2023-05-12,new,Growth,4,0.0,100.0,100.0
97,23,2023-05-13,expansion,Starter,2,12.0,24.0,12.0
98,95,2023-05-14,new,Growth,11,0.0,275.0,275.0
99,73,2023-05-16,new,Starter,3,0.0,36.0,36.0
100,69,2023-05-17,new,Starter,1,0.0,12.0,12.0
101,87,2023-05-18,new,Starter,1,0.0,12.0,12.0
102,97,2023-05-18,new,Growth,4,0.0,100.0,100.0
103,47,2023-05-19,churn,Starter,0,252.0,0.0,-252.0
104,77,2023-05-19,new,Starter,5,0.0,60.0,60.0
105,91,2023-05-19,new,Starter,5,0.0,60.0,60.0
106,78,2023-05-20,new,Enterprise,1,0.0,45.0,45.0
107,92,2023-05-20,new,Starter,1,0.0,12.0,12.0
108,96,2023-05-21,new,Growth,22,0.0,550.0,550.0
109,75,2023-05-22,new,Starter,6,0.0,72.0,72.0
110,85,2023-05-22,new,Growth,1,0.0,25.0,25.0
111,55,2023-05-24,contraction,Starter,42,600.0,504.0,-96.0
112,89,2023-05-24,new,Starter,4,0.0,48.0,48.0
113,74,2023-05-25,new,Growth,4,0.0,100.0,100.0
114,98,2023-05-25,new,Growth,16,0.0,400.0,400.0
115,70,2023-05-26,new,Starter,1,0.0,12.0,12.0
116,80,2023-05-26,new,Enterprise,5,0.0,225.0,225.0
117,83,2023-06-02,expansion,Starter,4,36.0,48.0,12.0
118,88,2023-06-02,contraction,Enterprise,91,4320.0,4095.0,-225.0
119,24,2023-06-05,contraction,Enterprise,25,1215.0,1125.0,-90.0
120,106,2023-06-05,new,Starter,5,0.0,60.0,60.0
121,123,2023-06-06,new,Starter,1,0.0,12.0,12.0
122,38,2023-06-07,expansion,Enterprise,91,3375.0,4095.0,720.0
123,101,2023-06-07,new,Growth,22,0.0,550.0,550.0
124,129,2023-06-07,new,Starter,2,0.0,24.0,24.0
125,103,2023-06-08,new,Growth,17,0.0,425.0,425.0
126,114,2023-06-08,new,Starter,2,0.0,24.0,24.0
127,120,2023-06-09,new,Enterprise,55,0.0,2475.0,2475.0
128,105,2023-06-10,new,Enterprise,3,0.0,135.0,135.0
129,108,2023-06-10,new,Starter,14,0.0,168.0,168.0
130,115,2023-06-10,new,Starter,1,0.0,12.0,12.0
131,113,2023-06-11,new,Starter,2,0.0,24.0,24.0
132,118,2023-06-11,new,Growth,18,0.0,450.0,450.0
133,128,2023-06-11,new,Growth,45,0.0,1125.0,1125.0
134,125,2023-06-12,new,Enterprise,20,0.0,900.0,900.0
135,79,2023-06-13,churn,Starter,0,24.0,0.0,-24.0
136,107,2023-06-13,new,Starter,2,0.0,24.0,24.0
137,50,2023-06-14,expansion,Growth,4,48.0,100.0,52.0
138,110,2023-06-14,new,Enterprise,25,0.0,1125.0,1125.0
139,53,2023-06-15,expansion,Growth,3,36.0,75.0,39.0
140,72,2023-06-15,churn,Starter,0,24.0,0.0,-24.0
141,127,2023-06-15,new,Growth,3,0.0,75.0,75.0
142,111,2023-06-16,new,Growth,22,0.0,550.0,550.0
143,109,2023-06-17,new,Starter,3,0.0,36.0,36.0
144,122,2023-06-17,new,Growth,4,0.0,100.0,100.0
145,126,2023-06-17,new,Starter,3,0.0,36.0,36.0
146,117,2023-06-18,new,Growth,24,0.0,600.0,600.0
147,119,2023-06-18,new,Starter,5,0.0,60.0,60.0
148,27,2023-06-20,expansion,Starter,7,60.0,84.0,24.0
149,121,2023-06-21,new,Starter,1,0.0,12.0,12.0
150,104,2023-06-22,new,Starter,1,0.0,12.0,12.0
151,28,2023-06-24,contraction,Starter,2,36.0,24.0,-12.0
152,102,2023-06-25,new,Starter,4,0.0,48.0,48.0
153,112,2023-06-25,new,Starter,4,0.0,48.0,48.0
154,124,2023-06-26,new,Starter,12,0.0,144.0,144.0
155,116,2023-06-27,new,Starter,1,0.0,12.0,12.0
156,143,2023-07-01,new,Starter,2,0.0,24.0,24.0
157,135,2023-07-03,new,Growth,4,0.0,100.0,100.0
158,140,2023-07-03,new,Starter,4,0.0,48.0,48.0
159,54,2023-07-05,churn,Starter,0,144.0,0.0,-144.0
160,136,2023-07-06,new,Starter,13,0.0,156.0,156.0
161,138,2023-07-06,new,Starter,3,0.0,36.0,36.0
162,139,2023-07-06,new,Enterprise,61,0.0,2745.0,2745.0
163,145,2023-07-06,new,Starter,5,0.0,60.0,60.0
164,142,2023-07-07,new,Starter,5,0.0,60.0,60.0
165,103,2023-07-09,expansion,Enterprise,17,425.0,765.0,340.0
166,55,2023-07-11,churn,Starter,0,504.0,0.0,-504.0
167,141,2023-07-13,new,Growth,1,0.0,25.0,25.0
168,130,2023-07-17,new,Growth,20,0.0,500.0,500.0
169,131,2023-07-17,new,Starter,3,0.0,36.0,36.0
170,148,2023-07-17,new,Starter,2,0.0,24.0,24.0
171,133,2023-07-18,new,Growth,4,0.0,100.0,100.0
172,137,2023-07-18,new,Starter,9,0.0,108.0,108.0
173,144,2023-07-19,new,Starter,4,0.0,48.0,48.0
174,70,2023-07-20,expansion,Starter,2,12.0,24.0,12.0
175,147,2023-07-20,new,Starter,1,0.0,12.0,12.0
176,134,2023-07-21,new,Growth,15,0.0,375.0,375.0
177,146,2023-07-22,new,Growth,3,0.0,75.0,75.0
178,132,2023-07-24,new,Starter,2,0.0,24.0,24.0
179,77,2023-07-28,expansion,Starter,7,60.0,84.0,24.0
180,138,2023-08-01,churn,Starter,0,36.0,0.0,-36.0
181,86,2023-08-02,contraction,Growth,2,75.0,50.0,-25.0
182,149,2023-08-04,new,Growth,4,0.0,100.0,100.0
183,109,2023-08-05,churn,Starter,0,36.0,0.0,-36.0
184,156,2023-08-05,new,Starter,3,0.0,36.0,36.0
185,121,2023-08-06,expansion,Starter,2,12.0,24.0,12.0
186,151,2023-08-06,new,Starter,4,0.0,48.0,48.0
187,105,2023-08-07,contraction,Enterprise,2,135.0,90.0,-45.0
188,153,2023-08-07,new,Starter,2,0.0,24.0,24.0
189,150,2023-08-08,new,Growth,20,0.0,500.0,500.0
190,157,2023-08-10,new,Growth,5,0.0,125.0,125.0
191,164,2023-08-10,new,Growth,39,0.0,975.0,975.0
192,94,2023-08-11,churn,Enterprise,0,1215.0,0.0,-1215.0
193,134,2023-08-11,churn,Growth,0,375.0,0.0,-375.0
194,165,2023-08-12,new,Growth,13,0.0,325.0,325.0
195,143,2023-08-13,churn,Starter,0,24.0,0.0,-24.0
196,154,2023-08-13,new,Growth,21,0.0,525.0,525.0
197,159,2023-08-16,new,Starter,2,0.0,24.0,24.0
198,160,2023-08-16,new,Growth,5,0.0,125.0,125.0
199,158,2023-08-17,new,Starter,4,0.0,48.0,48.0
200,25,2023-08-18,churn,Starter,0,60.0,0.0,-60.0
201,152,2023-08-18,new,Starter,3,0.0,36.0,36.0
202,155,2023-08-18,new,Starter,2,0.0,24.0,24.0
203,166,2023-08-18,new,Growth,21,0.0,525.0,525.0
204,40,2023-08-19,contraction,Starter,10,144.0,120.0,-24.0
205,163,2023-08-21,new,Growth,37,0.0,925.0,925.0
206,123,2023-08-24,expansion,Growth,1,12.0,25.0,13.0
207,31,2023-08-25,expansion,Growth,3,36.0,75.0,39.0
208,2,2023-08-27,churn,Starter,0,12.0,0.0,-12.0
209,53,2023-08-28,contraction,Growth,2,75.0,50.0,-25.0
210,161,2023-08-28,new,Starter,5,0.0,60.0,60.0
211,162,2023-08-28,new,Starter,1,0.0,12.0,12.0
212,6,2023-09-01,churn,Starter,0,60.0,0.0,-60.0
213,8,2023-09-01,contraction,Starter,4,60.0,48.0,-12.0
214,170,2023-09-02,new,Starter,1,0.0,12.0,12.0
215,180,2023-09-02,new,Starter,4,0.0,48.0,48.0
216,179,2023-09-04,new,Starter,5,0.0,60.0,60.0
217,75,2023-09-05,churn,Starter,0,72.0,0.0,-72.0
218,82,2023-09-05,churn,Growth,0,100.0,0.0,-100.0
219,152,2023-09-05,expansion,Starter,4,36.0,48.0,12.0
220,151,2023-09-07,churn,Starter,0,48.0,0.0,-48.0
221,167,2023-09-08,new,Starter,5,0.0,60.0,60.0
222,142,2023-09-09,expansion,Growth,5,60.0,125.0,65.0
223,171,2023-09-09,new,Enterprise,21,0.0,945.0,945.0
224,177,2023-09-10,new,Growth,5,0.0,125.0,125.0
225,173,2023-09-11,new,Starter,5,0.0,60.0,60.0
226,183,2023-09-11,new,Starter,82,0.0,984.0,984.0
227,175,2023-09-14,new,Growth,11,0.0,275.0,275.0
228,178,2023-09-15,new,Starter,3,0.0,36.0,36.0
229,181,2023-09-15,new,Starter,2,0.0,24.0,24.0
230,29,2023-09-17,churn,Starter,0,24.0,0.0,-24.0
231,124,2023-09-17,expansion,Growth,12,144.0,300.0,156.0
232,169,2023-09-17,new,Growth,24,0.0,600.0,600.0
233,176,2023-09-17,new,Starter,5,0.0,60.0,60.0
234,96,2023-09-18,churn,Growth,0,550.0,0.0,-550.0
235,174,2023-09-18,new,Starter,3,0.0,36.0,36.0
236,182,2023-09-19,new,Starter,1,0.0,12.0,12.0
237,77,2023-09-21,expansion,Starter,9,84.0,108.0,24.0
238,125,2023-09-23,contraction,Enterprise,18,900.0,810.0,-90.0
239,168,2023-09-25,new,Starter,21,0.0,252.0,252.0
240,140,2023-09-27,expansion,Starter,6,48.0,72.0,24.0
241,172,2023-09-27,new,Starter,25,0.0,300.0,300.0
242,200,2023-10-01,new,Starter,5,0.0,60.0,60.0
243,214,2023-10-01,new,Starter,3,0.0,36.0,36.0
244,69,2023-10-02,churn,Starter,0,12.0,0.0,-12.0
245,185,2023-10-02,new,Growth,12,0.0,300.0,300.0
246,188,2023-10-02,new,Enterprise,53,0.0,2385.0,2385.0
247,194,2023-10-02,new,Starter,3,0.0,36.0,36.0
248,203,2023-10-02,new,Enterprise,3,0.0,135.0,135.0
249,215,2023-10-02,new,Growth,3,0.0,75.0,75.0
250,209,2023-10-03,new,Growth,3,0.0,75.0,75.0
251,199,2023-10-04,new,Starter,2,0.0,24.0,24.0
252,204,2023-10-05,new,Starter,3,0.0,36.0,36.0
253,93,2023-10-06,expansion,Starter,5,36.0,60.0,24.0
254,198,2023-10-06,new,Starter,1,0.0,12.0,12.0
255,211,2023-10-06,new,Enterprise,7,0.0,315.0,315.0
256,129,2023-10-07,churn,Starter,0,24.0,0.0,-24.0
257,192,2023-10-07,new,Starter,2,0.0,24.0,24.0
258,196,2023-10-07,new,Growth,81,0.0,2025.0,2025.0
259,213,2023-10-07,new,Starter,5,0.0,60.0,60.0
260,11,2023-10-08,expansion,Enterprise,8,200.0,360.0,160.0
261,118,2023-10-08,expansion,Growth,23,450.0,575.0,125.0
262,201,2023-10-08,new,Growth,24,0.0,600.0,600.0
263,208,2023-10-08,new,Growth,3,0.0,75.0,75.0
264,77,2023-10-10,contraction,Starter,8,108.0,96.0,-12.0
265,168,2023-10-10,expansion,Starter,27,252.0,324.0,72.0
266,207,2023-10-10,new,Starter,5,0.0,60.0,60.0
267,195,2023-10-11,new,Growth,57,0.0,1425.0,1425.0
268,197,2023-10-11,new,Starter,5,0.0,60.0,60.0
269,113,2023-10-13,expansion,Starter,3,24.0,36.0,12.0
270,184,2023-10-14,new,Enterprise,38,0.0,1710.0,1710.0
271,187,2023-10-15,new,Growth,18,0.0,450.0,450.0
272,202,2023-10-15,new,Starter,5,0.0,60.0,60.0
273,210,2023-10-15,new,Growth,5,0.0,125.0,125.0
274,186,2023-10-16,new,Starter,4,0.0,48.0,48.0
275,154,2023-10-17,churn,Growth,0,525.0,0.0,-525.0
276,212,2023-10-17,new,Growth,3,0.0,75.0,75.0
277,189,2023-10-18,new,Starter,1,0.0,12.0,12.0
278,206,2023-10-19,new,Starter,18,0.0,216.0,216.0
279,124,2023-10-22,contraction,Growth,10,300.0,250.0,-50.0
280,193,2023-10-22,new,Growth,76,0.0,1900.0,1900.0
281,190,2023-10-23,new,Starter,3,0.0,36.0,36.0
282,61,2023-10-26,churn,Starter,0,900.0,0.0,-900.0
283,191,2023-10-26,new,Starter,2,0.0,24.0,24.0
284,205,2023-10-27,new,Growth,4,0.0,100.0,100.0
285,119,2023-10-28,churn,Starter,0,60.0,0.0,-60.0
286,53,2023-11-01,expansion,Growth,3,50.0,75.0,25.0
287,83,2023-11-02,contraction,Starter,3,48.0,36.0,-12.0
288,5,2023-11-03,churn,Growth,0,125.0,0.0,-125.0
289,220,2023-11-03,new,Starter,1,0.0,12.0,12.0
290,226,2023-11-03,new,Growth,3,0.0,75.0,75.0
291,231,2023-11-03,new,Growth,17,0.0,425.0,425.0
292,230,2023-11-04,new,Starter,7,0.0,84.0,84.0
293,233,2023-11-04,new,Starter,4,0.0,48.0,48.0
294,8,2023-11-06,churn,Starter,0,48.0,0.0,-48.0
295,145,2023-11-06,expansion,Starter,7,60.0,84.0,24.0
296,218,2023-11-06,new,Starter,3,0.0,36.0,36.0
297,217,2023-11-07,new,Growth,2,0.0,50.0,50.0
298,235,2023-11-07,new,Starter,4,0.0,48.0,48.0
299,106,2023-11-08,churn,Starter,0,60.0,0.0,-60.0
300,228,2023-11-08,new,Growth,2,0.0,50.0,50.0
301,130,2023-11-09,expansion,Enterprise,20,500.0,900.0,400.0
302,178,2023-11-09,expansion,Starter,4,36.0,48.0,12.0
303,216,2023-11-09,new,Starter,5,0.0,60.0,60.0
304,89,2023-11-11,churn,Starter,0,48.0,0.0,-48.0
305,227,2023-11-11,new,Starter,1,0.0,12.0,12.0
306,234,2023-11-11,new,Enterprise,13,0.0,585.0,585.0
307,35,2023-11-12,expansion,Starter,20,168.0,240.0,72.0
308,42,2023-11-12,expansion,Starter,18,156.0,216.0,60.0
309,225,2023-11-13,new,Growth,50,0.0,1250.0,1250.0
310,242,2023-11-13,new,Starter,2,0.0,24.0,24.0
311,223,2023-11-15,new,Enterprise,63,0.0,2835.0,2835.0
312,238,2023-11-15,new,Growth,2,0.0,50.0,50.0
313,107,2023-11-16,expansion,Starter,3,24.0,36.0,12.0
314,169,2023-11-17,expansion,Growth,32,600.0,800.0,200.0
315,222,2023-11-17,new,Enterprise,64,0.0,2880.0,2880.0
316,229,2023-11-17,new,Starter,4,0.0,48.0,48.0
317,236,2023-11-17,new,Enterprise,25,0.0,1125.0,1125.0
318,241,2023-11-18,new,Starter,3,0.0,36.0,36.0
319,224,2023-11-19,new,Growth,3,0.0,75.0,75.0
320,103,2023-11-20,contraction,Enterprise,16,765.0,720.0,-45.0
321,219,2023-11-20,new,Starter,4,0.0,48.0,48.0
322,207,2023-11-21,expansion,Starter,7,60.0,84.0,24.0
323,221,2023-11-21,new,Enterprise,4,0.0,180.0,180.0
324,239,2023-11-21,new,Starter,55,0.0,660.0,660.0
325,183,2023-11-22,contraction,Starter,75,984.0,900.0,-84.0
326,232,2023-11-23,new,Starter,2,0.0,24.0,24.0
327,237,2023-11-24,new,Enterprise,83,0.0,3735.0,3735.0
328,186,2023-11-26,contraction,Starter,3,48.0,36.0,-12.0
329,240,2023-11-26,new,Growth,27,0.0,675.0,675.0
330,262,2023-12-02,new,Starter,5,0.0,60.0,60.0
331,264,2023-12-02,new,Growth,16,0.0,400.0,400.0
332,266,2023-12-02,new,Starter,5,0.0,60.0,60.0
333,261,2023-12-03,new,Starter,3,0.0,36.0,36.0
334,263,2023-12-03,new,Enterprise,37,0.0,1665.0,1665.0
335,162,2023-12-04,expansion,Growth,1,12.0,25.0,13.0
336,195,2023-12-04,churn,Growth,0,1425.0,0.0,-1425.0
337,267,2023-12-04,new,Starter,5,0.0,60.0,60.0
338,242,2023-12-05,churn,Starter,0,24.0,0.0,-24.0
339,83,2023-12-06,expansion,Starter,5,36.0,60.0,24.0
340,88,2023-12-06,contraction,Enterprise,74,4095.0,3330.0,-765.0
341,179,2023-12-06,expansion,Starter,7,60.0,84.0,24.0
342,211,2023-12-06,expansion,Enterprise,10,315.0,450.0,135.0
343,251,2023-12-07,new,Starter,3,0.0,36.0,36.0
344,249,2023-12-08,new,Growth,58,0.0,1450.0,1450.0
345,265,2023-12-08,new,Starter,9,0.0,108.0,108.0
346,246,2023-12-09,new,Enterprise,5,0.0,225.0,225.0
347,260,2023-12-09,new,Growth,62,0.0,1550.0,1550.0
348,244,2023-12-10,new,Starter,5,0.0,60.0,60.0
349,256,2023-12-10,new,Starter,1,0.0,12.0,12.0
350,245,2023-12-11,new,Starter,2,0.0,24.0,24.0
351,258,2023-12-12,new,Growth,66,0.0,1650.0,1650.0
352,196,2023-12-13,churn,Growth,0,2025.0,0.0,-2025.0
353,254,2023-12-13,new,Enterprise,40,0.0,1800.0,1800.0
354,40,2023-12-16,churn,Starter,0,120.0,0.0,-120.0
355,247,2023-12-17,new,Growth,11,0.0,275.0,275.0
356,252,2023-12-18,new,Growth,25,0.0,625.0,625.0
357,131,2023-12-19,expansion,Starter,4,36.0,48.0,12.0
358,253,2023-12-19,new,Growth,12,0.0,300.0,300.0
359,243,2023-12-21,new,Growth,5,0.0,125.0,125.0
360,248,2023-12-21,new,Starter,1,0.0,12.0,12.0
361,227,2023-12-22,expansion,Growth,1,12.0,25.0,13.0
362,259,2023-12-23,new,Starter,3,0.0,36.0,36.0
363,146,2023-12-24,contraction,Growth,2,75.0,50.0,-25.0
364,257,2023-12-24,new,Starter,1,0.0,12.0,12.0
365,190,2023-12-25,expansion,Starter,4,36.0,48.0,12.0
366,250,2023-12-25,new,Enterprise,4,0.0,180.0,180.0
367,66,2023-12-26,churn,Enterprise,0,135.0,0.0,-135.0
368,71,2023-12-27,expansion,Starter,5,48.0,60.0,12.0
369,255,2023-12-27,new,Starter,5,0.0,60.0,60.0
370,42,2023-12-28,churn,Starter,0,216.0,0.0,-216.0
371,84,2024-01-01,expansion,Enterprise,20,500.0,900.0,400.0
372,128,2024-01-01,churn,Growth,0,1125.0,0.0,-1125.0
373,270,2024-01-01,new,Starter,1,0.0,12.0,12.0
374,277,2024-01-07,new,Starter,20,0.0,240.0,240.0
375,281,2024-01-07,new,Starter,11,0.0,132.0,132.0
376,288,2024-01-07,new,Starter,1,0.0,12.0,12.0
377,291,2024-01-07,new,Growth,8,0.0,200.0,200.0
378,201,2024-01-08,expansion,Growth,32,600.0,800.0,200.0
379,274,2024-01-08,new,Starter,2,0.0,24.0,24.0
380,280,2024-01-08,new,Growth,19,0.0,475.0,475.0
381,285,2024-01-08,new,Starter,4,0.0,48.0,48.0
382,187,2024-01-09,expansion,Growth,24,450.0,600.0,150.0
383,113,2024-01-12,expansion,Growth,3,36.0,75.0,39.0
384,268,2024-01-12,new,Enterprise,55,0.0,2475.0,2475.0
385,269,2024-01-12,new,Starter,5,0.0,60.0,60.0
386,1,2024-01-13,expansion,Growth,2,25.0,50.0,25.0
387,71,2024-01-13,churn,Starter,0,60.0,0.0,-60.0
388,273,2024-01-13,new,Starter,4,0.0,48.0,48.0
389,178,2024-01-14,expansion,Starter,6,48.0,72.0,24.0
390,271,2024-01-14,new,Enterprise,16,0.0,720.0,720.0
391,283,2024-01-15,new,Growth,6,0.0,150.0,150.0
392,287,2024-01-15,new,Growth,16,0.0,400.0,400.0
393,64,2024-01-16,contraction,Starter,16,240.0,192.0,-48.0
394,275,2024-01-16,new,Starter,21,0.0,252.0,252.0
395,279,2024-01-16,new,Starter,21,0.0,252.0,252.0
396,290,2024-01-16,new,Growth,5,0.0,125.0,125.0
397,18,2024-01-19,contraction,Growth,10,300.0,250.0,-50.0
398,276,2024-01-19,new,Growth,51,0.0,1275.0,1275.0
399,286,2024-01-19,new,Growth,5,0.0,125.0,125.0
400,289,2024-01-19,new,Starter,2,0.0,24.0,24.0
401,284,2024-01-20,new,Growth,87,0.0,2175.0,2175.0
402,43,2024-01-21,expansion,Enterprise,20,500.0,900.0,400.0
403,215,2024-01-22,expansion,Growth,4,75.0,100.0,25.0
404,146,2024-01-23,churn,Growth,0,50.0,0.0,-50.0
405,278,2024-01-23,new,Starter,3,0.0,36.0,36.0
406,272,2024-01-24,new,Starter,19,0.0,228.0,228.0
407,282,2024-01-26,new,Starter,1,0.0,12.0,12.0
408,37,2024-02-01,expansion,Starter,4,36.0,48.0,12.0
409,1,2024-02-02,expansion,Enterprise,2,50.0,90.0,40.0
410,133,2024-02-02,expansion,Growth,5,100.0,125.0,25.0
411,172,2024-02-02,contraction,Starter,24,300.0,288.0,-12.0
412,301,2024-02-02,new,Starter,1,0.0,12.0,12.0
413,315,2024-02-02,new,Starter,4,0.0,48.0,48.0
414,327,2024-02-02,new,Starter,5,0.0,60.0,60.0
415,167,2024-02-03,expansion,Starter,6,60.0,72.0,12.0
416,277,2024-02-03,contraction,Starter,16,240.0,192.0,-48.0
417,310,2024-02-03,new,Growth,6,0.0,150.0,150.0
418,326,2024-02-03,new,Growth,1,0.0,25.0,25.0
419,87,2024-02-04,churn,Starter,0,12.0,0.0,-12.0
420,308,2024-02-04,new,Starter,4,0.0,48.0,48.0
421,153,2024-02-05,expansion,Starter,3,24.0,36.0,12.0
422,269,2024-02-05,expansion,Starter,6,60.0,72.0,12.0
423,300,2024-02-05,new,Starter,1,0.0,12.0,12.0
424,302,2024-02-05,new,Starter,2,0.0,24.0,24.0
425,296,2024-02-06,new,Starter,2,0.0,24.0,24.0
426,102,2024-02-07,churn,Starter,0,48.0,0.0,-48.0
427,150,2024-02-07,expansion,Growth,26,500.0,650.0,150.0
428,183,2024-02-07,expansion,Growth,75,900.0,1875.0,975.0
429,311,2024-02-09,new,Growth,4,0.0,100.0,100.0
430,318,2024-02-09,new,Starter,2,0.0,24.0,24.0
431,163,2024-02-10,expansion,Enterprise,37,925.0,1665.0,740.0
432,181,2024-02-10,expansion,Growth,2,24.0,50.0,26.0
433,295,2024-02-10,new,Starter,1,0.0,12.0,12.0
434,314,2024-02-10,new,Starter,1,0.0,12.0,12.0
435,325,2024-02-10,new,Starter,4,0.0,48.0,48.0
436,192,2024-02-11,churn,Starter,0,24.0,0.0,-24.0
437,206,2024-02-11,contraction,Starter,14,216.0,168.0,-48.0
438,248,2024-02-11,churn,Starter,0,12.0,0.0,-12.0
439,299,2024-02-11,new,Starter,5,0.0,60.0,60.0
440,322,2024-02-11,new,Starter,4,0.0,48.0,48.0
441,306,2024-02-12,new,Starter,2,0.0,24.0,24.0
442,293,2024-02-13,new,Starter,3,0.0,36.0,36.0
443,317,2024-02-13,new,Starter,2,0.0,24.0,24.0
444,220,2024-02-14,churn,Starter,0,12.0,0.0,-12.0
445,319,2024-02-14,new,Starter,3,0.0,36.0,36.0
446,323,2024-02-14,new,Starter,4,0.0,48.0,48.0
447,239,2024-02-15,churn,Starter,0,660.0,0.0,-660.0
448,316,2024-02-15,new,Growth,38,0.0,950.0,950.0
449,321,2024-02-16,new,Starter,4,0.0,48.0,48.0
450,178,2024-02-17,expansion,Starter,8,72.0,96.0,24.0
451,222,2024-02-18,contraction,Enterprise,49,2880.0,2205.0,-675.0
452,292,2024-02-18,new,Growth,77,0.0,1925.0,1925.0
453,298,2024-02-18,new,Starter,3,0.0,36.0,36.0
454,137,2024-02-19,churn,Starter,0,108.0,0.0,-108.0
455,320,2024-02-19,new,Growth,5,0.0,125.0,125.0
456,307,2024-02-20,new,Starter,4,0.0,48.0,48.0
457,324,2024-02-20,new,Growth,19,0.0,475.0,475.0
458,116,2024-02-21,expansion,Starter,2,12.0,24.0,12.0
459,305,2024-02-21,new,Enterprise,48,0.0,2160.0,2160.0
460,304,2024-02-22,new,Starter,2,0.0,24.0,24.0
461,313,2024-02-22,new,Growth,12,0.0,300.0,300.0
462,65,2024-02-23,expansion,Enterprise,13,450.0,585.0,135.0
463,309,2024-02-23,new,Enterprise,23,0.0,1035.0,1035.0
464,12,2024-02-24,expansion,Enterprise,5,180.0,225.0,45.0
465,312,2024-02-24,new,Growth,12,0.0,300.0,300.0
466,297,2024-02-25,new,Growth,3,0.0,75.0,75.0
467,294,2024-02-27,new,Starter,2,0.0,24.0,24.0
468,303,2024-02-27,new,Starter,5,0.0,60.0,60.0
469,264,2024-03-01,contraction,Growth,13,400.0,325.0,-75.0
470,335,2024-03-01,new,Growth,1,0.0,25.0,25.0
471,249,2024-03-02,contraction,Growth,52,1450.0,1300.0,-150.0
472,333,2024-03-02,new,Enterprise,11,0.0,495.0,495.0
473,344,2024-03-02,new,Starter,14,0.0,168.0,168.0
474,175,2024-03-03,churn,Growth,0,275.0,0.0,-275.0
475,331,2024-03-04,new,Growth,5,0.0,125.0,125.0
476,349,2024-03-04,new,Starter,5,0.0,60.0,60.0
477,334,2024-03-05,new,Growth,24,0.0,600.0,600.0
478,355,2024-03-05,new,Starter,2,0.0,24.0,24.0
479,19,2024-03-06,expansion,Enterprise,1,25.0,45.0,20.0
480,332,2024-03-08,new,Starter,5,0.0,60.0,60.0
481,341,2024-03-08,new,Starter,3,0.0,36.0,36.0
482,348,2024-03-09,new,Growth,5,0.0,125.0,125.0
483,342,2024-03-11,new,Starter,25,0.0,300.0,300.0
484,118,2024-03-12,churn,Growth,0,575.0,0.0,-575.0
485,330,2024-03-12,new,Starter,5,0.0,60.0,60.0
486,339,2024-03-12,new,Starter,4,0.0,48.0,48.0
487,353,2024-03-13,new,Growth,4,0.0,100.0,100.0
488,144,2024-03-14,churn,Starter,0,48.0,0.0,-48.0
489,189,2024-03-14,churn,Starter,0,12.0,0.0,-12.0
490,358,2024-03-14,new,Starter,3,0.0,36.0,36.0
491,92,2024-03-15,expansion,Growth,1,12.0,25.0,13.0
492,297,2024-03-15,churn,Growth,0,75.0,0.0,-75.0
493,318,2024-03-15,churn,Starter,0,24.0,0.0,-24.0
494,338,2024-03-15,new,Starter,4,0.0,48.0,48.0
495,191,2024-03-16,contraction,Starter,1,24.0,12.0,-12.0
496,308,2024-03-16,contraction,Starter,3,48.0,36.0,-12.0
497,343,2024-03-16,new,Growth,22,0.0,550.0,550.0
498,256,2024-03-18,churn,Starter,0,12.0,0.0,-12.0
499,328,2024-03-18,new,Growth,4,0.0,100.0,100.0
500,346,2024-03-18,new,Starter,20,0.0,240.0,240.0
501,214,2024-03-19,churn,Starter,0,36.0,0.0,-36.0
502,329,2024-03-20,new,Starter,4,0.0,48.0,48.0
503,336,2024-03-20,new,Growth,1,0.0,25.0,25.0
504,345,2024-03-20,new,Starter,5,0.0,60.0,60.0
505,326,2024-03-21,churn,Growth,0,25.0,0.0,-25.0
506,356,2024-03-21,new,Starter,2,0.0,24.0,24.0
507,30,2024-03-22,contraction,Starter,1,24.0,12.0,-12.0
508,158,2024-03-22,churn,Starter,0,48.0,0.0,-48.0
509,230,2024-03-22,churn,Starter,0,84.0,0.0,-84.0
510,337,2024-03-22,new,Starter,5,0.0,60.0,60.0
511,352,2024-03-22,new,Starter,3,0.0,36.0,36.0
512,357,2024-03-23,new,Enterprise,77,0.0,3465.0,3465.0
513,181,2024-03-24,contraction,Growth,1,50.0,25.0,-25.0
514,276,2024-03-24,churn,Growth,0,1275.0,0.0,-1275.0
515,351,2024-03-24,new,Starter,5,0.0,60.0,60.0
516,38,2024-03-25,expansion,Enterprise,113,4095.0,5085.0,990.0
517,157,2024-03-25,churn,Growth,0,125.0,0.0,-125.0
518,167,2024-03-26,contraction,Starter,5,72.0,60.0,-12.0
519,258,2024-03-27,expansion,Enterprise,66,1650.0,2970.0,1320.0
520,340,2024-03-27,new,Starter,4,0.0,48.0,48.0
521,354,2024-03-27,new,Growth,1,0.0,25.0,25.0
522,88,2024-03-28,expansion,Enterprise,98,3330.0,4410.0,1080.0
523,347,2024-03-28,new,Starter,3,0.0,36.0,36.0
524,350,2024-03-28,new,Growth,60,0.0,1500.0,1500.0
525,52,2024-04-01,contraction,Growth,9,250.0,225.0,-25.0
526,93,2024-04-01,churn,Starter,0,60.0,0.0,-60.0
527,197,2024-04-01,expansion,Growth,5,60.0,125.0,65.0
528,282,2024-04-01,expansion,Growth,1,12.0,25.0,13.0
529,305,2024-04-01,expansion,Enterprise,54,2160.0,2430.0,270.0
530,374,2024-04-01,new,Starter,4,0.0,48.0,48.0
531,386,2024-04-01,new,Growth,1,0.0,25.0,25.0
532,368,2024-04-02,new,Starter,1,0.0,12.0,12.0
533,365,2024-04-03,new,Enterprise,25,0.0,1125.0,1125.0
534,148,2024-04-04,contraction,Starter,1,24.0,12.0,-12.0
535,233,2024-04-04,expansion,Starter,5,48.0,60.0,12.0
536,380,2024-04-04,new,Starter,2,0.0,24.0,24.0
537,203,2024-04-05,expansion,Enterprise,4,135.0,180.0,45.0
538,231,2024-04-05,expansion,Growth,24,425.0,600.0,175.0
539,359,2024-04-05,new,Starter,25,0.0,300.0,300.0
540,362,2024-04-05,new,Starter,5,0.0,60.0,60.0
541,121,2024-04-06,churn,Starter,0,24.0,0.0,-24.0
542,360,2024-04-06,new,Starter,5,0.0,60.0,60.0
543,367,2024-04-06,new,Starter,4,0.0,48.0,48.0
544,35,2024-04-07,expansion,Growth,20,240.0,500.0,260.0
545,366,2024-04-07,new,Growth,10,0.0,250.0,250.0
546,221,2024-04-08,churn,Enterprise,0,180.0,0.0,-180.0
547,252,2024-04-09,expansion,Growth,33,625.0,825.0,200.0
548,337,2024-04-09,churn,Starter,0,60.0,0.0,-60.0
549,381,2024-04-09,new,Starter,4,0.0,48.0,48.0
550,382,2024-04-09,new,Growth,15,0.0,375.0,375.0
551,371,2024-04-11,new,Enterprise,1,0.0,45.0,45.0
552,370,2024-04-12,new,Enterprise,64,0.0,2880.0,2880.0
553,241,2024-04-13,contraction,Starter,2,36.0,24.0,-12.0
554,361,2024-04-13,new,Starter,1,0.0,12.0,12.0
555,377,2024-04-13,new,Growth,7,0.0,175.0,175.0
556,344,2024-04-14,churn,Starter,0,168.0,0.0,-168.0
557,375,2024-04-14,new,Starter,3,0.0,36.0,36.0
558,319,2024-04-15,churn,Starter,0,36.0,0.0,-36.0
559,376,2024-04-15,new,Growth,17,0.0,425.0,425.0
560,385,2024-04-15,new,Growth,41,0.0,1025.0,1025.0
561,369,2024-04-16,new,Growth,5,0.0,125.0,125.0
562,363,2024-04-17,new,Starter,3,0.0,36.0,36.0
563,141,2024-04-18,contraction,Starter,1,25.0,12.0,-13.0
564,204,2024-04-18,expansion,Starter,5,36.0,60.0,24.0
565,281,2024-04-20,churn,Starter,0,132.0,0.0,-132.0
566,345,2024-04-20,expansion,Starter,7,60.0,84.0,24.0
567,364,2024-04-20,new,Starter,2,0.0,24.0,24.0
568,328,2024-04-21,churn,Growth,0,100.0,0.0,-100.0
569,384,2024-04-21,new,Growth,5,0.0,125.0,125.0
570,373,2024-04-22,new,Starter,5,0.0,60.0,60.0
571,379,2024-04-22,new,Starter,1,0.0,12.0,12.0
572,135,2024-04-23,contraction,Growth,3,100.0,75.0,-25.0
573,67,2024-04-24,expansion,Starter,5,36.0,60.0,24.0
574,188,2024-04-24,expansion,Enterprise,71,2385.0,3195.0,810.0
575,90,2024-04-25,churn,Starter,0,24.0,0.0,-24.0
576,240,2024-04-26,churn,Growth,0,675.0,0.0,-675.0
577,77,2024-04-27,expansion,Growth,8,96.0,200.0,104.0
578,313,2024-04-27,expansion,Growth,16,300.0,400.0,100.0
579,91,2024-04-28,churn,Starter,0,60.0,0.0,-60.0
580,226,2024-04-28,churn,Growth,0,75.0,0.0,-75.0
581,372,2024-04-28,new,Growth,6,0.0,150.0,150.0
582,378,2024-04-28,new,Growth,1,0.0,25.0,25.0
583,383,2024-04-28,new,Starter,9,0.0,108.0,108.0
584,349,2024-05-01,contraction,Starter,4,60.0,48.0,-12.0
585,387,2024-05-01,new,Starter,4,0.0,48.0,48.0
586,393,2024-05-01,new,Growth,13,0.0,325.0,325.0
587,400,2024-05-01,new,Starter,17,0.0,204.0,204.0
588,125,2024-05-02,expansion,Enterprise,20,810.0,900.0,90.0
589,160,2024-05-02,churn,Growth,0,125.0,0.0,-125.0
590,390,2024-05-02,new,Starter,1,0.0,12.0,12.0
591,422,2024-05-02,new,Growth,5,0.0,125.0,125.0
592,62,2024-05-03,churn,Starter,0,48.0,0.0,-48.0
593,373,2024-05-03,contraction,Starter,4,60.0,48.0,-12.0
594,389,2024-05-03,new,Growth,13,0.0,325.0,325.0
595,413,2024-05-03,new,Growth,4,0.0,100.0,100.0
596,120,2024-05-04,contraction,Enterprise,42,2475.0,1890.0,-585.0
597,311,2024-05-04,expansion,Growth,5,100.0,125.0,25.0
598,395,2024-05-05,new,Growth,2,0.0,50.0,50.0
599,410,2024-05-05,new,Starter,18,0.0,216.0,216.0
600,397,2024-05-06,new,Growth,51,0.0,1275.0,1275.0
601,401,2024-05-06,new,Growth,25,0.0,625.0,625.0
602,159,2024-05-07,churn,Starter,0,24.0,0.0,-24.0
603,99,2024-05-08,expansion,Starter,2,12.0,24.0,12.0
604,270,2024-05-08,expansion,Starter,2,12.0,24.0,12.0
605,405,2024-05-08,new,Growth,15,0.0,375.0,375.0
606,417,2024-05-08,new,Starter,10,0.0,120.0,120.0
607,419,2024-05-08,new,Starter,1,0.0,12.0,12.0
608,1,2024-05-09,expansion,Enterprise,3,90.0,135.0,45.0
609,191,2024-05-09,churn,Starter,0,12.0,0.0,-12.0
610,398,2024-05-09,new,Starter,5,0.0,60.0,60.0
611,415,2024-05-09,new,Growth,1,0.0,25.0,25.0
612,166,2024-05-10,churn,Growth,0,525.0,0.0,-525.0
613,366,2024-05-10,churn,Growth,0,250.0,0.0,-250.0
614,396,2024-05-10,new,Growth,12,0.0,300.0,300.0
615,411,2024-05-10,new,Starter,21,0.0,252.0,252.0
616,412,2024-05-10,new,Starter,3,0.0,36.0,36.0
617,70,2024-05-11,expansion,Starter,3,24.0,36.0,12.0
618,388,2024-05-11,new,Enterprise,92,0.0,4140.0,4140.0
619,421,2024-05-11,new,Starter,15,0.0,180.0,180.0
620,193,2024-05-12,expansion,Growth,95,1900.0,2375.0,475.0
621,219,2024-05-12,churn,Starter,0,48.0,0.0,-48.0
622,394,2024-05-12,new,Starter,5,0.0,60.0,60.0
623,252,2024-05-13,expansion,Growth,45,825.0,1125.0,300.0
624,399,2024-05-14,new,Starter,3,0.0,36.0,36.0
625,404,2024-05-14,new,Starter,12,0.0,144.0,144.0
626,325,2024-05-17,churn,Starter,0,48.0,0.0,-48.0
627,392,2024-05-17,new,Starter,1,0.0,12.0,12.0
628,406,2024-05-19,new,Starter,18,0.0,216.0,216.0
629,408,2024-05-19,new,Starter,5,0.0,60.0,60.0
630,391,2024-05-20,new,Starter,1,0.0,12.0,12.0
631,407,2024-05-20,new,Growth,1,0.0,25.0,25.0
632,161,2024-05-21,churn,Starter,0,60.0,0.0,-60.0
633,259,2024-05-21,contraction,Starter,2,36.0,24.0,-12.0
634,284,2024-05-23,expansion,Growth,113,2175.0,2825.0,650.0
635,403,2024-05-23,new,Enterprise,63,0.0,2835.0,2835.0
636,409,2024-05-23,new,Growth,53,0.0,1325.0,1325.0
637,418,2024-05-23,new,Growth,6,0.0,150.0,150.0
638,53,2024-05-24,expansion,Growth,5,75.0,125.0,50.0
639,416,2024-05-24,new,Enterprise,60,0.0,2700.0,2700.0
640,420,2024-05-24,new,Growth,6,0.0,150.0,150.0
641,167,2024-05-25,expansion,Growth,5,60.0,125.0,65.0
642,371,2024-05-25,expansion,Enterprise,2,45.0,90.0,45.0
643,402,2024-05-25,new,Starter,1,0.0,12.0,12.0
644,414,2024-05-26,new,Starter,2,0.0,24.0,24.0
645,58,2024-05-28,expansion,Growth,16,300.0,400.0,100.0
646,377,2024-06-01,contraction,Growth,6,175.0,150.0,-25.0
647,92,2024-06-02,expansion,Growth,2,25.0,50.0,25.0
648,265,2024-06-02,contraction,Starter,7,108.0,84.0,-24.0
649,417,2024-06-02,expansion,Growth,10,120.0,250.0,130.0
650,433,2024-06-02,new,Growth,19,0.0,475.0,475.0
651,450,2024-06-02,new,Starter,2,0.0,24.0,24.0
652,51,2024-06-03,expansion,Enterprise,21,810.0,945.0,135.0
653,414,2024-06-03,churn,Starter,0,24.0,0.0,-24.0
654,463,2024-06-03,new,Enterprise,29,0.0,1305.0,1305.0
655,356,2024-06-04,contraction,Starter,1,24.0,12.0,-12.0
656,423,2024-06-04,new,Enterprise,13,0.0,585.0,585.0
657,444,2024-06-04,new,Starter,3,0.0,36.0,36.0
658,448,2024-06-04,new,Growth,15,0.0,375.0,375.0
659,453,2024-06-04,new,Starter,5,0.0,60.0,60.0
660,424,2024-06-05,new,Starter,5,0.0,60.0,60.0
661,446,2024-06-05,new,Growth,4,0.0,100.0,100.0
662,457,2024-06-05,new,Starter,5,0.0,60.0,60.0
663,132,2024-06-07,contraction,Starter,1,24.0,12.0,-12.0
664,437,2024-06-07,new,Enterprise,4,0.0,180.0,180.0
665,9,2024-06-08,expansion,Growth,35,625.0,875.0,250.0
666,218,2024-06-08,churn,Starter,0,36.0,0.0,-36.0
667,426,2024-06-08,new,Growth,12,0.0,300.0,300.0
668,441,2024-06-08,new,Starter,1,0.0,12.0,12.0
669,388,2024-06-09,expansion,Enterprise,118,4140.0,5310.0,1170.0
670,429,2024-06-09,new,Enterprise,5,0.0,225.0,225.0
671,442,2024-06-10,new,Growth,6,0.0,150.0,150.0
672,432,2024-06-11,new,Growth,7,0.0,175.0,175.0
673,447,2024-06-11,new,Starter,2,0.0,24.0,24.0
674,112,2024-06-12,contraction,Starter,3,48.0,36.0,-12.0
675,436,2024-06-12,new,Growth,2,0.0,50.0,50.0
676,449,2024-06-12,new,Growth,9,0.0,225.0,225.0
677,461,2024-06-12,new,Starter,1,0.0,12.0,12.0
678,431,2024-06-13,new,Growth,2,0.0,50.0,50.0
679,258,2024-06-14,expansion,Enterprise,78,2970.0,3510.0,540.0
680,443,2024-06-14,new,Starter,4,0.0,48.0,48.0
681,438,2024-06-15,new,Starter,1,0.0,12.0,12.0
682,455,2024-06-16,new,Growth,15,0.0,375.0,375.0
683,127,2024-06-17,churn,Growth,0,75.0,0.0,-75.0
684,425,2024-06-17,new,Growth,5,0.0,125.0,125.0
685,452,2024-06-17,new,Growth,16,0.0,400.0,400.0
686,407,2024-06-18,churn,Growth,0,25.0,0.0,-25.0
687,427,2024-06-18,new,Starter,1,0.0,12.0,12.0
688,451,2024-06-18,new,Growth,3,0.0,75.0,75.0
689,464,2024-06-18,new,Starter,13,0.0,156.0,156.0
690,454,2024-06-19,new,Starter,2,0.0,24.0,24.0
691,434,2024-06-20,new,Growth,4,0.0,100.0,100.0
692,435,2024-06-20,new,Starter,4,0.0,48.0,48.0
693,402,2024-06-21,expansion,Starter,2,12.0,24.0,12.0
694,428,2024-06-21,new,Starter,3,0.0,36.0,36.0
695,430,2024-06-21,new,Starter,5,0.0,60.0,60.0
696,439,2024-06-21,new,Starter,4,0.0,48.0,48.0
697,440,2024-06-21,new,Starter,5,0.0,60.0,60.0
698,462,2024-06-21,new,Enterprise,79,0.0,3555.0,3555.0
699,283,2024-06-22,contraction,Growth,5,150.0,125.0,-25.0
700,354,2024-06-22,expansion,Growth,2,25.0,50.0,25.0
701,458,2024-06-22,new,Growth,11,0.0,275.0,275.0
702,459,2024-06-22,new,Growth,5,0.0,125.0,125.0
703,445,2024-06-23,new,Starter,24,0.0,288.0,288.0
704,456,2024-06-24,new,Enterprise,7,0.0,315.0,315.0
705,142,2024-06-26,contraction,Growth,4,125.0,100.0,-25.0
706,460,2024-06-27,new,Growth,19,0.0,475.0,475.0
707,495,2024-07-01,new,Growth,6,0.0,150.0,150.0
708,57,2024-07-03,expansion,Starter,2,12.0,24.0,12.0
709,202,2024-07-03,churn,Starter,0,60.0,0.0,-60.0
710,488,2024-07-03,new,Starter,4,0.0,48.0,48.0
711,269,2024-07-04,churn,Starter,0,72.0,0.0,-72.0
712,303,2024-07-04,churn,Starter,0,60.0,0.0,-60.0
713,204,2024-07-05,churn,Starter,0,60.0,0.0,-60.0
714,188,2024-07-06,contraction,Enterprise,56,3195.0,2520.0,-675.0
715,473,2024-07-06,new,Starter,4,0.0,48.0,48.0
716,492,2024-07-06,new,Starter,4,0.0,48.0,48.0
717,35,2024-07-07,churn,Growth,0,500.0,0.0,-500.0
718,258,2024-07-07,expansion,Enterprise,91,3510.0,4095.0,585.0
719,480,2024-07-07,new,Enterprise,3,0.0,135.0,135.0
720,419,2024-07-08,churn,Starter,0,12.0,0.0,-12.0
721,477,2024-07-08,new,Starter,3,0.0,36.0,36.0
722,173,2024-07-09,churn,Starter,0,60.0,0.0,-60.0
723,275,2024-07-09,churn,Starter,0,252.0,0.0,-252.0
724,421,2024-07-09,churn,Starter,0,180.0,0.0,-180.0
725,476,2024-07-09,new,Growth,3,0.0,75.0,75.0
726,478,2024-07-09,new,Enterprise,1,0.0,45.0,45.0
727,84,2024-07-10,churn,Enterprise,0,900.0,0.0,-900.0
728,491,2024-07-10,new,Starter,7,0.0,84.0,84.0
729,172,2024-07-11,expansion,Growth,24,288.0,600.0,312.0
730,475,2024-07-11,new,Starter,1,0.0,12.0,12.0
731,360,2024-07-12,expansion,Starter,7,60.0,84.0,24.0
732,468,2024-07-13,new,Enterprise,16,0.0,720.0,720.0
733,133,2024-07-14,contraction,Growth,4,125.0,100.0,-25.0
734,232,2024-07-14,churn,Starter,0,24.0,0.0,-24.0
735,323,2024-07-14,expansion,Starter,6,48.0,72.0,24.0
736,471,2024-07-14,new,Starter,2,0.0,24.0,24.0
737,482,2024-07-14,new,Growth,5,0.0,125.0,125.0
738,489,2024-07-14,new,Growth,5,0.0,125.0,125.0
739,111,2024-07-15,expansion,Growth,26,550.0,650.0,100.0
740,494,2024-07-15,new,Enterprise,17,0.0,765.0,765.0
741,400,2024-07-17,churn,Starter,0,204.0,0.0,-204.0
742,442,2024-07-17,contraction,Growth,5,150.0,125.0,-25.0
743,178,2024-07-18,expansion,Growth,8,96.0,200.0,104.0
744,336,2024-07-18,churn,Growth,0,25.0,0.0,-25.0
745,46,2024-07-19,churn,Growth,0,50.0,0.0,-50.0
746,497,2024-07-19,new,Growth,12,0.0,300.0,300.0
747,108,2024-07-20,expansion,Starter,16,168.0,192.0,24.0
748,444,2024-07-20,expansion,Growth,3,36.0,75.0,39.0
749,493,2024-07-20,new,Starter,12,0.0,144.0,144.0
750,51,2024-07-21,churn,Enterprise,0,945.0,0.0,-945.0
751,64,2024-07-21,expansion,Starter,21,192.0,252.0,60.0
752,469,2024-07-21,new,Growth,12,0.0,300.0,300.0
753,487,2024-07-21,new,Starter,5,0.0,60.0,60.0
754,498,2024-07-21,new,Growth,3,0.0,75.0,75.0
755,485,2024-07-22,new,Starter,4,0.0,48.0,48.0
756,466,2024-07-23,new,Starter,21,0.0,252.0,252.0
757,467,2024-07-23,new,Growth,20,0.0,500.0,500.0
758,479,2024-07-23,new,Growth,1,0.0,25.0,25.0
759,181,2024-07-24,expansion,Growth,2,25.0,50.0,25.0
760,244,2024-07-24,churn,Starter,0,60.0,0.0,-60.0
761,481,2024-07-24,new,Starter,25,0.0,300.0,300.0
762,499,2024-07-24,new,Starter,3,0.0,36.0,36.0
763,209,2024-07-25,expansion,Growth,4,75.0,100.0,25.0
764,483,2024-07-25,new,Starter,2,0.0,24.0,24.0
765,484,2024-07-25,new,Growth,3,0.0,75.0,75.0
766,490,2024-07-26,new,Enterprise,64,0.0,2880.0,2880.0
767,465,2024-07-27,new,Starter,2,0.0,24.0,24.0
768,470,2024-07-27,new,Starter,4,0.0,48.0,48.0
769,472,2024-07-27,new,Starter,5,0.0,60.0,60.0
770,474,2024-07-27,new,Growth,15,0.0,375.0,375.0
771,486,2024-07-27,new,Starter,3,0.0,36.0,36.0
772,496,2024-07-28,new,Growth,7,0.0,175.0,175.0
773,520,2024-08-01,new,Starter,2,0.0,24.0,24.0
774,237,2024-08-02,churn,Enterprise,0,3735.0,0.0,-3735.0
775,518,2024-08-02,new,Starter,1,0.0,12.0,12.0
776,152,2024-08-03,churn,Starter,0,48.0,0.0,-48.0
777,394,2024-08-03,expansion,Starter,7,60.0,84.0,24.0
778,514,2024-08-03,new,Growth,8,0.0,200.0,200.0
779,205,2024-08-04,expansion,Growth,5,100.0,125.0,25.0
780,213,2024-08-04,expansion,Starter,7,60.0,84.0,24.0
781,343,2024-08-04,expansion,Growth,26,550.0,650.0,100.0
782,200,2024-08-05,contraction,Starter,4,60.0,48.0,-12.0
783,304,2024-08-05,churn,Starter,0,24.0,0.0,-24.0
784,505,2024-08-05,new,Starter,3,0.0,36.0,36.0
785,509,2024-08-06,new,Growth,2,0.0,50.0,50.0
786,324,2024-08-08,expansion,Growth,24,475.0,600.0,125.0
787,500,2024-08-08,new,Starter,1,0.0,12.0,12.0
788,412,2024-08-09,churn,Starter,0,36.0,0.0,-36.0
789,501,2024-08-09,new,Starter,2,0.0,24.0,24.0
790,513,2024-08-09,new,Starter,1,0.0,12.0,12.0
791,11,2024-08-10,contraction,Enterprise,6,360.0,270.0,-90.0
792,163,2024-08-10,churn,Enterprise,0,1665.0,0.0,-1665.0
793,321,2024-08-10,expansion,Growth,4,48.0,100.0,52.0
794,443,2024-08-10,expansion,Starter,6,48.0,72.0,24.0
795,526,2024-08-10,new,Starter,8,0.0,96.0,96.0
796,531,2024-08-10,new,Starter,5,0.0,60.0,60.0
797,515,2024-08-11,new,Starter,4,0.0,48.0,48.0
798,532,2024-08-11,new,Starter,1,0.0,12.0,12.0
799,507,2024-08-12,new,Enterprise,18,0.0,810.0,810.0
800,528,2024-08-12,new,Starter,3,0.0,36.0,36.0
801,32,2024-08-13,contraction,Enterprise,17,855.0,765.0,-90.0
802,224,2024-08-13,expansion,Growth,5,75.0,125.0,50.0
803,432,2024-08-13,churn,Growth,0,175.0,0.0,-175.0
804,97,2024-08-14,expansion,Enterprise,4,100.0,180.0,80.0
805,262,2024-08-14,churn,Starter,0,60.0,0.0,-60.0
806,503,2024-08-14,new,Starter,5,0.0,60.0,60.0
807,511,2024-08-14,new,Starter,5,0.0,60.0,60.0
808,516,2024-08-14,new,Starter,1,0.0,12.0,12.0
809,442,2024-08-15,churn,Growth,0,125.0,0.0,-125.0
810,458,2024-08-15,expansion,Growth,16,275.0,400.0,125.0
811,502,2024-08-15,new,Starter,3,0.0,36.0,36.0
812,506,2024-08-15,new,Starter,4,0.0,48.0,48.0
813,525,2024-08-15,new,Growth,23,0.0,575.0,575.0
814,235,2024-08-16,expansion,Growth,4,48.0,100.0,52.0
815,524,2024-08-16,new,Starter,3,0.0,36.0,36.0
816,335,2024-08-17,expansion,Growth,2,25.0,50.0,25.0
817,463,2024-08-17,contraction,Enterprise,26,1305.0,1170.0,-135.0
818,504,2024-08-17,new,Growth,10,0.0,250.0,250.0
819,530,2024-08-18,new,Enterprise,21,0.0,945.0,945.0
820,133,2024-08-20,churn,Growth,0,100.0,0.0,-100.0
821,188,2024-08-20,expansion,Enterprise,76,2520.0,3420.0,900.0
822,382,2024-08-20,expansion,Growth,19,375.0,475.0,100.0
823,508,2024-08-20,new,Starter,2,0.0,24.0,24.0
824,359,2024-08-21,expansion,Starter,33,300.0,396.0,96.0
825,479,2024-08-21,expansion,Growth,2,25.0,50.0,25.0
826,396,2024-08-22,expansion,Growth,16,300.0,400.0,100.0
827,497,2024-08-22,contraction,Growth,10,300.0,250.0,-50.0
828,512,2024-08-22,new,Starter,4,0.0,48.0,48.0
829,510,2024-08-23,new,Growth,16,0.0,400.0,400.0
830,122,2024-08-24,churn,Growth,0,100.0,0.0,-100.0
831,424,2024-08-24,churn,Starter,0,60.0,0.0,-60.0
832,436,2024-08-24,churn,Growth,0,50.0,0.0,-50.0
833,517,2024-08-24,new,Growth,2,0.0,50.0,50.0
834,529,2024-08-24,new,Enterprise,88,0.0,3960.0,3960.0
835,519,2024-08-25,new,Starter,19,0.0,228.0,228.0
836,523,2024-08-25,new,Starter,5,0.0,60.0,60.0
837,266,2024-08-26,churn,Starter,0,60.0,0.0,-60.0
838,527,2024-08-26,new,Growth,10,0.0,250.0,250.0
839,38,2024-08-27,expansion,Enterprise,156,5085.0,7020.0,1935.0
840,521,2024-08-27,new,Starter,1,0.0,12.0,12.0
841,252,2024-08-28,expansion,Growth,62,1125.0,1550.0,425.0
842,522,2024-08-28,new,Starter,3,0.0,36.0,36.0
843,306,2024-09-01,expansion,Starter,3,24.0,36.0,12.0
844,532,2024-09-01,expansion,Starter,2,12.0,24.0,12.0
845,550,2024-09-01,new,Growth,12,0.0,300.0,300.0
846,553,2024-09-01,new,Enterprise,89,0.0,4005.0,4005.0
847,562,2024-09-01,new,Growth,5,0.0,125.0,125.0
848,49,2024-09-02,expansion,Enterprise,82,2835.0,3690.0,855.0
849,238,2024-09-02,churn,Growth,0,50.0,0.0,-50.0
850,362,2024-09-02,expansion,Starter,7,60.0,84.0,24.0
851,560,2024-09-02,new,Starter,8,0.0,96.0,96.0
852,580,2024-09-02,new,Growth,4,0.0,100.0,100.0
853,23,2024-09-03,contraction,Starter,1,24.0,12.0,-12.0
854,292,2024-09-03,contraction,Growth,71,1925.0,1775.0,-150.0
855,420,2024-09-03,contraction,Growth,5,150.0,125.0,-25.0
856,542,2024-09-03,new,Starter,3,0.0,36.0,36.0
857,465,2024-09-04,expansion,Starter,3,24.0,36.0,12.0
858,566,2024-09-04,new,Growth,17,0.0,425.0,425.0
859,312,2024-09-05,expansion,Enterprise,12,300.0,540.0,240.0
860,546,2024-09-05,new,Growth,37,0.0,925.0,925.0
861,210,2024-09-06,churn,Growth,0,125.0,0.0,-125.0
862,561,2024-09-06,new,Growth,97,0.0,2425.0,2425.0
863,70,2024-09-07,expansion,Starter,4,36.0,48.0,12.0
864,76,2024-09-07,contraction,Enterprise,18,1080.0,810.0,-270.0
865,176,2024-09-08,expansion,Starter,6,60.0,72.0,12.0
866,564,2024-09-08,new,Enterprise,9,0.0,405.0,405.0
867,547,2024-09-09,new,Enterprise,18,0.0,810.0,810.0
868,355,2024-09-10,churn,Starter,0,24.0,0.0,-24.0
869,567,2024-09-11,new,Starter,5,0.0,60.0,60.0
870,573,2024-09-11,new,Growth,1,0.0,25.0,25.0
871,579,2024-09-11,new,Growth,5,0.0,125.0,125.0
872,57,2024-09-12,expansion,Growth,2,24.0,50.0,26.0
873,60,2024-09-12,churn,Starter,0,48.0,0.0,-48.0
874,536,2024-09-12,new,Growth,3,0.0,75.0,75.0
875,541,2024-09-12,new,Growth,10,0.0,250.0,250.0
876,569,2024-09-12,new,Starter,4,0.0,48.0,48.0
877,568,2024-09-13,new,Growth,5,0.0,125.0,125.0
878,190,2024-09-14,churn,Starter,0,48.0,0.0,-48.0
879,435,2024-09-14,expansion,Growth,4,48.0,100.0,52.0
880,555,2024-09-14,new,Starter,1,0.0,12.0,12.0
881,117,2024-09-15,churn,Growth,0,600.0,0.0,-600.0
882,123,2024-09-15,expansion,Growth,2,25.0,50.0,25.0
883,534,2024-09-15,new,Growth,5,0.0,125.0,125.0
884,535,2024-09-15,new,Enterprise,83,0.0,3735.0,3735.0
885,543,2024-09-15,new,Growth,7,0.0,175.0,175.0
886,556,2024-09-15,new,Growth,18,0.0,450.0,450.0
887,576,2024-09-15,new,Starter,5,0.0,60.0,60.0
888,431,2024-09-16,churn,Growth,0,50.0,0.0,-50.0
889,559,2024-09-16,new,Starter,4,0.0,48.0,48.0
890,67,2024-09-17,expansion,Growth,5,60.0,125.0,65.0
891,100,2024-09-17,expansion,Starter,3,24.0,36.0,12.0
892,228,2024-09-17,contraction,Growth,1,50.0,25.0,-25.0
893,231,2024-09-17,contraction,Growth,22,600.0,550.0,-50.0
894,540,2024-09-17,new,Starter,2,0.0,24.0,24.0
895,548,2024-09-17,new,Growth,58,0.0,1450.0,1450.0
896,578,2024-09-17,new,Starter,1,0.0,12.0,12.0
897,58,2024-09-18,churn,Growth,0,400.0,0.0,-400.0
898,20,2024-09-19,expansion,Growth,24,425.0,600.0,175.0
899,533,2024-09-19,new,Growth,8,0.0,200.0,200.0
900,538,2024-09-19,new,Growth,16,0.0,400.0,400.0
901,552,2024-09-19,new,Growth,16,0.0,400.0,400.0
902,571,2024-09-19,new,Growth,2,0.0,50.0,50.0
903,572,2024-09-19,new,Growth,5,0.0,125.0,125.0
904,81,2024-09-20,contraction,Starter,17,216.0,204.0,-12.0
905,363,2024-09-20,churn,Starter,0,36.0,0.0,-36.0
906,375,2024-09-20,contraction,Starter,2,36.0,24.0,-12.0
907,502,2024-09-20,expansion,Growth,3,36.0,75.0,39.0
908,544,2024-09-20,new,Starter,3,0.0,36.0,36.0
909,554,2024-09-20,new,Growth,6,0.0,150.0,150.0
910,299,2024-09-21,expansion,Starter,7,60.0,84.0,24.0
911,339,2024-09-21,churn,Starter,0,48.0,0.0,-48.0
912,557,2024-09-21,new,Starter,1,0.0,12.0,12.0
913,470,2024-09-22,churn,Starter,0,48.0,0.0,-48.0
914,570,2024-09-22,new,Starter,5,0.0,60.0,60.0
915,574,2024-09-22,new,Growth,1,0.0,25.0,25.0
916,539,2024-09-24,new,Enterprise,25,0.0,1125.0,1125.0
917,558,2024-09-24,new,Enterprise,26,0.0,1170.0,1170.0
918,537,2024-09-25,new,Enterprise,3,0.0,135.0,135.0
919,545,2024-09-25,new,Growth,7,0.0,175.0,175.0
920,549,2024-09-25,new,Starter,3,0.0,36.0,36.0
921,486,2024-09-26,churn,Starter,0,36.0,0.0,-36.0
922,518,2024-09-26,churn,Starter,0,12.0,0.0,-12.0
923,22,2024-09-27,expansion,Starter,3,24.0,36.0,12.0
924,95,2024-09-27,churn,Growth,0,275.0,0.0,-275.0
925,505,2024-09-27,contraction,Starter,2,36.0,24.0,-12.0
926,565,2024-09-27,new,Growth,25,0.0,625.0,625.0
927,429,2024-09-28,expansion,Enterprise,7,225.0,315.0,90.0
928,551,2024-09-28,new,Starter,4,0.0,48.0,48.0
929,563,2024-09-28,new,Starter,5,0.0,60.0,60.0
930,575,2024-09-28,new,Starter,1,0.0,12.0,12.0
931,577,2024-09-28,new,Starter,2,0.0,24.0,24.0
932,310,2024-10-01,expansion,Growth,8,150.0,200.0,50.0
933,324,2024-10-01,expansion,Growth,30,600.0,750.0,150.0
934,585,2024-10-01,new,Starter,1,0.0,12.0,12.0
935,610,2024-10-01,new,Starter,4,0.0,48.0,48.0
936,83,2024-10-02,expansion,Starter,7,60.0,84.0,24.0
937,398,2024-10-02,contraction,Starter,4,60.0,48.0,-12.0
938,590,2024-10-02,new,Starter,3,0.0,36.0,36.0
939,377,2024-10-03,expansion,Enterprise,6,150.0,270.0,120.0
940,507,2024-10-03,expansion,Enterprise,22,810.0,990.0,180.0
941,390,2024-10-04,expansion,Growth,1,12.0,25.0,13.0
942,591,2024-10-04,new,Growth,15,0.0,375.0,375.0
943,609,2024-10-04,new,Starter,1,0.0,12.0,12.0
944,259,2024-10-05,contraction,Starter,1,24.0,12.0,-12.0
945,531,2024-10-05,expansion,Growth,5,60.0,125.0,65.0
946,298,2024-10-06,churn,Starter,0,36.0,0.0,-36.0
947,491,2024-10-06,churn,Starter,0,84.0,0.0,-84.0
948,525,2024-10-06,expansion,Growth,27,575.0,675.0,100.0
949,620,2024-10-06,new,Growth,4,0.0,100.0,100.0
950,272,2024-10-07,contraction,Starter,16,228.0,192.0,-36.0
951,88,2024-10-08,expansion,Enterprise,115,4410.0,5175.0,765.0
952,282,2024-10-08,expansion,Enterprise,1,25.0,45.0,20.0
953,465,2024-10-09,contraction,Starter,2,36.0,24.0,-12.0
954,496,2024-10-09,contraction,Growth,6,175.0,150.0,-25.0
955,616,2024-10-09,new,Growth,96,0.0,2400.0,2400.0
956,621,2024-10-09,new,Growth,6,0.0,150.0,150.0
957,301,2024-10-11,expansion,Starter,2,12.0,24.0,12.0
958,346,2024-10-11,expansion,Growth,20,240.0,500.0,260.0
959,392,2024-10-11,expansion,Starter,2,12.0,24.0,12.0
960,583,2024-10-11,new,Starter,2,0.0,24.0,24.0
961,611,2024-10-11,new,Growth,22,0.0,550.0,550.0
962,584,2024-10-12,new,Starter,25,0.0,300.0,300.0
963,597,2024-10-12,new,Starter,1,0.0,12.0,12.0
964,604,2024-10-12,new,Starter,2,0.0,24.0,24.0
965,347,2024-10-13,churn,Starter,0,36.0,0.0,-36.0
966,568,2024-10-13,contraction,Growth,4,125.0,100.0,-25.0
967,368,2024-10-14,churn,Starter,0,12.0,0.0,-12.0
968,592,2024-10-14,new,Starter,1,0.0,12.0,12.0
969,598,2024-10-14,new,Enterprise,13,0.0,585.0,585.0
970,605,2024-10-14,new,Growth,3,0.0,75.0,75.0
971,600,2024-10-15,new,Growth,8,0.0,200.0,200.0
972,602,2024-10-15,new,Starter,3,0.0,36.0,36.0
973,614,2024-10-15,new,Growth,14,0.0,350.0,350.0
974,617,2024-10-15,new,Starter,5,0.0,60.0,60.0
975,619,2024-10-15,new,Starter,4,0.0,48.0,48.0
976,132,2024-10-16,expansion,Starter,2,12.0,24.0,12.0
977,596,2024-10-16,new,Starter,3,0.0,36.0,36.0
978,618,2024-10-16,new,Starter,1,0.0,12.0,12.0
979,340,2024-10-17,churn,Starter,0,48.0,0.0,-48.0
980,577,2024-10-17,expansion,Starter,3,24.0,36.0,12.0
981,207,2024-10-18,contraction,Starter,6,84.0,72.0,-12.0
982,317,2024-10-18,churn,Starter,0,24.0,0.0,-24.0
983,86,2024-10-19,churn,Growth,0,50.0,0.0,-50.0
984,168,2024-10-19,contraction,Starter,21,324.0,252.0,-72.0
985,359,2024-10-19,expansion,Growth,33,396.0,825.0,429.0
986,410,2024-10-19,expansion,Starter,21,216.0,252.0,36.0
987,587,2024-10-19,new,Starter,8,0.0,96.0,96.0
988,595,2024-10-19,new,Starter,3,0.0,36.0,36.0
989,601,2024-10-19,new,Enterprise,59,0.0,2655.0,2655.0
990,607,2024-10-19,new,Enterprise,18,0.0,810.0,810.0
991,559,2024-10-20,churn,Starter,0,48.0,0.0,-48.0
992,599,2024-10-20,new,Growth,8,0.0,200.0,200.0
993,603,2024-10-20,new,Growth,4,0.0,100.0,100.0
994,508,2024-10-21,expansion,Starter,3,24.0,36.0,12.0
995,586,2024-10-21,new,Starter,2,0.0,24.0,24.0
996,588,2024-10-21,new,Growth,8,0.0,200.0,200.0
997,612,2024-10-21,new,Starter,2,0.0,24.0,24.0
998,466,2024-10-22,expansion,Starter,26,252.0,312.0,60.0
999,582,2024-10-22,new,Enterprise,8,0.0,360.0,360.0
1000,615,2024-10-22,new,Starter,5,0.0,60.0,60.0
1001,408,2024-10-23,expansion,Starter,7,60.0,84.0,24.0
1002,471,2024-10-23,churn,Starter,0,24.0,0.0,-24.0
1003,561,2024-10-23,churn,Growth,0,2425.0,0.0,-2425.0
1004,216,2024-10-24,churn,Starter,0,60.0,0.0,-60.0
1005,186,2024-10-25,churn,Starter,0,36.0,0.0,-36.0
1006,504,2024-10-25,churn,Growth,0,250.0,0.0,-250.0
1007,606,2024-10-25,new,Growth,20,0.0,500.0,500.0
1008,613,2024-10-25,new,Starter,4,0.0,48.0,48.0
1009,177,2024-10-26,churn,Growth,0,125.0,0.0,-125.0
1010,608,2024-10-26,new,Enterprise,9,0.0,405.0,405.0
1011,589,2024-10-27,new,Starter,21,0.0,252.0,252.0
1012,593,2024-10-27,new,Starter,1,0.0,12.0,12.0
1013,594,2024-10-27,new,Growth,4,0.0,100.0,100.0
1014,362,2024-10-28,expansion,Starter,10,84.0,120.0,36.0
1015,581,2024-10-28,new,Growth,45,0.0,1125.0,1125.0
1016,300,2024-11-01,expansion,Starter,2,12.0,24.0,12.0
1017,388,2024-11-01,expansion,Enterprise,141,5310.0,6345.0,1035.0
1018,623,2024-11-01,new,Enterprise,91,0.0,4095.0,4095.0
1019,657,2024-11-01,new,Growth,7,0.0,175.0,175.0
1020,56,2024-11-02,expansion,Starter,4,36.0,48.0,12.0
1021,413,2024-11-02,churn,Growth,0,100.0,0.0,-100.0
1022,620,2024-11-02,expansion,Growth,5,100.0,125.0,25.0
1023,622,2024-11-03,new,Starter,3,0.0,36.0,36.0
1024,633,2024-11-03,new,Growth,22,0.0,550.0,550.0
1025,205,2024-11-05,expansion,Growth,6,125.0,150.0,25.0
1026,260,2024-11-05,expansion,Growth,81,1550.0,2025.0,475.0
1027,636,2024-11-05,new,Starter,13,0.0,156.0,156.0
1028,642,2024-11-05,new,Growth,11,0.0,275.0,275.0
1029,648,2024-11-05,new,Starter,5,0.0,60.0,60.0
1030,505,2024-11-06,churn,Starter,0,24.0,0.0,-24.0
1031,631,2024-11-06,new,Starter,4,0.0,48.0,48.0
1032,643,2024-11-06,new,Growth,9,0.0,225.0,225.0
1033,227,2024-11-07,expansion,Growth,2,25.0,50.0,25.0
1034,284,2024-11-07,churn,Growth,0,2825.0,0.0,-2825.0
1035,627,2024-11-07,new,Growth,21,0.0,525.0,525.0
1036,629,2024-11-07,new,Growth,1,0.0,25.0,25.0
1037,625,2024-11-08,new,Growth,29,0.0,725.0,725.0
1038,641,2024-11-09,new,Starter,4,0.0,48.0,48.0
1039,651,2024-11-09,new,Growth,20,0.0,500.0,500.0
1040,646,2024-11-10,new,Starter,4,0.0,48.0,48.0
1041,659,2024-11-10,new,Growth,2,0.0,50.0,50.0
1042,589,2024-11-11,churn,Starter,0,252.0,0.0,-252.0
1043,632,2024-11-11,new,Starter,2,0.0,24.0,24.0
1044,650,2024-11-11,new,Growth,21,0.0,525.0,525.0
1045,245,2024-11-12,churn,Starter,0,24.0,0.0,-24.0
1046,649,2024-11-12,new,Starter,4,0.0,48.0,48.0
1047,215,2024-11-13,expansion,Enterprise,4,100.0,180.0,80.0
1048,628,2024-11-13,new,Growth,8,0.0,200.0,200.0
1049,655,2024-11-13,new,Enterprise,84,0.0,3780.0,3780.0
1050,291,2024-11-14,churn,Growth,0,200.0,0.0,-200.0
1051,638,2024-11-14,new,Growth,5,0.0,125.0,125.0
1052,645,2024-11-14,new,Starter,1,0.0,12.0,12.0
1053,455,2024-11-15,contraction,Growth,12,375.0,300.0,-75.0
1054,524,2024-11-15,churn,Starter,0,36.0,0.0,-36.0
1055,401,2024-11-16,churn,Growth,0,625.0,0.0,-625.0
1056,428,2024-11-16,churn,Starter,0,36.0,0.0,-36.0
1057,639,2024-11-16,new,Starter,5,0.0,60.0,60.0
1058,492,2024-11-17,churn,Starter,0,48.0,0.0,-48.0
1059,508,2024-11-17,expansion,Growth,3,36.0,75.0,39.0
1060,586,2024-11-17,expansion,Starter,3,24.0,36.0,12.0
1061,662,2024-11-17,new,Growth,47,0.0,1175.0,1175.0
1062,20,2024-11-18,churn,Growth,0,600.0,0.0,-600.0
1063,577,2024-11-18,churn,Starter,0,36.0,0.0,-36.0
1064,587,2024-11-18,contraction,Starter,6,96.0,72.0,-24.0
1065,652,2024-11-18,new,Growth,3,0.0,75.0,75.0
1066,606,2024-11-19,expansion,Growth,28,500.0,700.0,200.0
1067,663,2024-11-19,new,Starter,1,0.0,12.0,12.0
1068,289,2024-11-20,churn,Starter,0,24.0,0.0,-24.0
1069,308,2024-11-20,churn,Starter,0,36.0,0.0,-36.0
1070,506,2024-11-20,churn,Starter,0,48.0,0.0,-48.0
1071,661,2024-11-20,new,Starter,25,0.0,300.0,300.0
1072,48,2024-11-21,expansion,Growth,5,75.0,125.0,50.0
1073,490,2024-11-21,expansion,Enterprise,74,2880.0,3330.0,450.0
1074,640,2024-11-21,new,Starter,10,0.0,120.0,120.0
1075,647,2024-11-21,new,Starter,14,0.0,168.0,168.0
1076,664,2024-11-21,new,Starter,4,0.0,48.0,48.0
1077,233,2024-11-22,expansion,Growth,5,60.0,125.0,65.0
1078,454,2024-11-22,contraction,Starter,1,24.0,12.0,-12.0
1079,653,2024-11-22,new,Starter,2,0.0,24.0,24.0
1080,385,2024-11-23,churn,Growth,0,1025.0,0.0,-1025.0
1081,603,2024-11-23,churn,Growth,0,100.0,0.0,-100.0
1082,626,2024-11-23,new,Starter,1,0.0,12.0,12.0
1083,342,2024-11-24,expansion,Growth,25,300.0,625.0,325.0
1084,382,2024-11-24,contraction,Growth,15,475.0,375.0,-100.0
1085,634,2024-11-24,new,Growth,3,0.0,75.0,75.0
1086,637,2024-11-24,new,Growth,11,0.0,275.0,275.0
1087,273,2024-11-25,churn,Starter,0,48.0,0.0,-48.0
1088,630,2024-11-25,new,Starter,4,0.0,48.0,48.0
1089,252,2024-11-26,churn,Growth,0,1550.0,0.0,-1550.0
1090,313,2024-11-26,churn,Growth,0,400.0,0.0,-400.0
1091,501,2024-11-26,expansion,Growth,2,24.0,50.0,26.0
1092,635,2024-11-26,new,Growth,7,0.0,175.0,175.0
1093,658,2024-11-26,new,Starter,4,0.0,48.0,48.0
1094,383,2024-11-27,churn,Starter,0,108.0,0.0,-108.0
1095,574,2024-11-27,expansion,Growth,2,25.0,50.0,25.0
1096,644,2024-11-27,new,Growth,14,0.0,350.0,350.0
1097,656,2024-11-27,new,Starter,4,0.0,48.0,48.0
1098,660,2024-11-27,new,Starter,3,0.0,36.0,36.0
1099,123,2024-11-28,churn,Growth,0,50.0,0.0,-50.0
1100,624,2024-11-28,new,Starter,1,0.0,12.0,12.0
1101,654,2024-11-28,new,Starter,3,0.0,36.0,36.0
1102,180,2024-12-01,expansion,Growth,4,48.0,100.0,52.0
1103,199,2024-12-01,expansion,Starter,3,24.0,36.0,12.0
1104,521,2024-12-01,churn,Starter,0,12.0,0.0,-12.0
1105,81,2024-12-02,expansion,Starter,21,204.0,252.0,48.0
1106,483,2024-12-02,expansion,Starter,3,24.0,36.0,12.0
1107,510,2024-12-02,contraction,Growth,15,400.0,375.0,-25.0
1108,222,2024-12-03,expansion,Enterprise,68,2205.0,3060.0,855.0
1109,342,2024-12-03,contraction,Growth,24,625.0,600.0,-25.0
1110,100,2024-12-04,churn,Starter,0,36.0,0.0,-36.0
1111,445,2024-12-05,churn,Starter,0,288.0,0.0,-288.0
1112,600,2024-12-05,expansion,Growth,11,200.0,275.0,75.0
1113,604,2024-12-06,contraction,Starter,1,24.0,12.0,-12.0
1114,665,2024-12-06,new,Growth,1,0.0,25.0,25.0
1115,699,2024-12-06,new,Starter,21,0.0,252.0,252.0
1116,183,2024-12-07,expansion,Growth,95,1875.0,2375.0,500.0
1117,553,2024-12-07,expansion,Enterprise,111,4005.0,4995.0,990.0
1118,624,2024-12-07,churn,Starter,0,12.0,0.0,-12.0
1119,634,2024-12-07,churn,Growth,0,75.0,0.0,-75.0
1120,681,2024-12-07,new,Starter,4,0.0,48.0,48.0
1121,697,2024-12-07,new,Growth,28,0.0,700.0,700.0
1122,457,2024-12-08,expansion,Growth,5,60.0,125.0,65.0
1123,682,2024-12-08,new,Starter,1,0.0,12.0,12.0
1124,139,2024-12-09,expansion,Enterprise,73,2745.0,3285.0,540.0
1125,670,2024-12-09,new,Starter,3,0.0,36.0,36.0
1126,680,2024-12-09,new,Starter,4,0.0,48.0,48.0
1127,693,2024-12-09,new,Starter,4,0.0,48.0,48.0
1128,672,2024-12-11,new,Growth,25,0.0,625.0,625.0
1129,692,2024-12-11,new,Starter,18,0.0,216.0,216.0
1130,669,2024-12-12,new,Starter,2,0.0,24.0,24.0
1131,674,2024-12-12,new,Growth,5,0.0,125.0,125.0
1132,700,2024-12-12,new,Starter,1,0.0,12.0,12.0
1133,661,2024-12-13,expansion,Starter,31,300.0,372.0,72.0
1134,667,2024-12-13,new,Growth,21,0.0,525.0,525.0
1135,417,2024-12-14,churn,Growth,0,250.0,0.0,-250.0
1136,686,2024-12-14,new,Starter,5,0.0,60.0,60.0
1137,48,2024-12-15,expansion,Enterprise,5,125.0,225.0,100.0
1138,321,2024-12-15,churn,Growth,0,100.0,0.0,-100.0
1139,678,2024-12-15,new,Starter,1,0.0,12.0,12.0
1140,683,2024-12-15,new,Growth,14,0.0,350.0,350.0
1141,688,2024-12-15,new,Enterprise,36,0.0,1620.0,1620.0
1142,696,2024-12-15,new,Growth,2,0.0,50.0,50.0
1143,677,2024-12-16,new,Starter,3,0.0,36.0,36.0
1144,288,2024-12-17,churn,Starter,0,12.0,0.0,-12.0
1145,687,2024-12-17,new,Starter,16,0.0,192.0,192.0
1146,112,2024-12-18,contraction,Starter,2,36.0,24.0,-12.0
1147,390,2024-12-18,expansion,Enterprise,1,25.0,45.0,20.0
1148,673,2024-12-18,new,Starter,3,0.0,36.0,36.0
1149,675,2024-12-18,new,Starter,2,0.0,24.0,24.0
1150,691,2024-12-18,new,Starter,2,0.0,24.0,24.0
1151,398,2024-12-19,churn,Starter,0,48.0,0.0,-48.0
1152,643,2024-12-19,contraction,Growth,8,225.0,200.0,-25.0
1153,684,2024-12-19,new,Growth,15,0.0,375.0,375.0
1154,182,2024-12-20,expansion,Growth,1,12.0,25.0,13.0
1155,694,2024-12-21,new,Growth,36,0.0,900.0,900.0
1156,695,2024-12-21,new,Growth,3,0.0,75.0,75.0
1157,34,2024-12-22,expansion,Growth,16,350.0,400.0,50.0
1158,178,2024-12-22,expansion,Enterprise,8,200.0,360.0,160.0
1159,676,2024-12-22,new,Growth,17,0.0,425.0,425.0
1160,690,2024-12-22,new,Enterprise,45,0.0,2025.0,2025.0
1161,124,2024-12-23,churn,Growth,0,250.0,0.0,-250.0
1162,371,2024-12-23,expansion,Enterprise,3,90.0,135.0,45.0
1163,671,2024-12-23,new,Starter,2,0.0,24.0,24.0
1164,679,2024-12-24,new,Starter,2,0.0,24.0,24.0
1165,698,2024-12-24,new,Starter,2,0.0,24.0,24.0
1166,335,2024-12-25,churn,Growth,0,50.0,0.0,-50.0
1167,689,2024-12-25,new,Starter,24,0.0,288.0,288.0
1168,666,2024-12-26,new,Growth,11,0.0,275.0,275.0
1169,668,2024-12-26,new,Starter,4,0.0,48.0,48.0
1170,126,2024-12-27,churn,Starter,0,36.0,0.0,-36.0
1171,278,2024-12-27,churn,Starter,0,36.0,0.0,-36.0
1172,374,2024-12-27,expansion,Starter,5,48.0,60.0,12.0
1173,549,2024-12-27,churn,Starter,0,36.0,0.0,-36.0
1174,542,2024-12-28,expansion,Starter,5,36.0,60.0,24.0
1175,685,2024-12-28,new,Starter,4,0.0,48.0,48.0
